relative_path	bytes	sha256
_clean build (private).bat	20	95c3614e5ac0d8527a3fa69ea41d6a1b94c04c31adede91973d468d2a1e1dbbe
_clean build (release).bat	232	e776952aefb5f34c0de46d627ab3b2e5f7af13111220610ab562610fe13cda2b
_release.sun	196	e9e9772346a3f316c6096a6352eec20a655fce6c7cb927a9c3b66a19fd084c25
.gitattributes	200	4053793122de12524ccfec7d8b26074d754d378b177400dfd744092b23945c33
.gitignore	67	6209f4a4d3036c199d9d799fb28cee97bd040b558f82049b8f539f0aa31f5b41
.gitmodules	518	49e6727460ad37bbdbdc249343da67ef5704f6437b51ba3b36416d8967660b81
.sun	155	880491ff4fd4ce7a72de8ad3dfd1c259cce005916580d0e50f0d47a955494a19
archive.php	2060	e559f10c52ebf80e3983f1746a733e9fccb384270c75055ecb47a52593af0819
main.cpp	182825	2d6e642b144981fd20970d1b4d8682a2d79cb3c787452746966a195e8df01295
main.hpp	1053	fc071f948aa5768ef3eebe04b017dc088d31a39e43a5972eb569b59efc73070d
OpenWF/bgscript.pluto	16112	c7ff508359a417053e7964b09f41fa224fa96554cf2739b839395f0b2edf9ccc
OpenWF/bootstrapper-manual.html	19439	96b81d26dd7df36c24c2713c020186d27b4356bdc0282aa4eb8a7fa2bd0ffda7
OpenWF/cert/cert.pem	4378	91acbb802bdd6acc9a6795124d4f227e35d4296360dba039057d6cd6f4715dee
OpenWF/cert/key.pem	1704	8cac3e1b5a0099d839355f1788e9d3a589798620812e6d4bf667773f84304e88
OpenWF/Download Latest DLL.ps1	2417	d354de395dffbf474d1c0779d2422c06f0417a3721fb70ac54f49ed6356e3b66
OpenWF/Download Latest DLL.sh	1865	d154fca0791084318a5493da27626cb4d6fb4c55a55b7ef59bd72cb573ed6143
OpenWF/favicon.png	5015	f8683314f40cc235052e9ef3baeb0a0edc749241cde2f86ed3fa27bff7985223
OpenWF/hash_to_code_version.json	2114	f29a7b90f14fcaffe6615d33822335cbf4659f7ff8307c5eb71321ecda8659fa
OpenWF/helpers/load_metadata_patches.pluto	5494	7dcfa6b2bedd0ae6f0fdef90aed3f8ca4f7a61bafb9c10b8818a4473ff0e83ca
OpenWF/helpers/post_apply_hotfix.pluto	0	e3b0c44298fc1c149afbf4c8996fb92427ae41e4649b934ca495991b7852b855
OpenWF/helpers/pre_load_hotkeys.pluto	124	7774b0cfa8a631aa95511c078e6ab01dc5e60e7925aa634644b9888ae515f455
OpenWF/helpers/pre_load_label_replacements.pluto	160	4ba50631f8b20778a65b5eb76585af6f88481c8bff8329c33b0522478e426943
OpenWF/Hotkeys.json	733	7f9a8eb20077e9853dc1c1321ef8d274bf82626da758aafff631d0c69bcdb34d
OpenWF/index.html	15222	f18e6d5a3416214a7137c946e2b732e4f3cd11435e59b6505b0f445ccb69a19a
OpenWF/Label Replacements.pluto	458	1f0a0f65224722fe12484a0ff14389f52160c079536e250112cfebc246e7b0f8
OpenWF/lib/websocket.pluto	5028	b08bd2bf9bd6153f8d3b47e30e491e00b6156ec4bb94f459b4858657f5b1b275
OpenWF/Metadata Patches.txt	793	bcd2a29f6e6b5d1a0f27ecae07ccd80438bd435e135e787fc09704259dac5d7a
OpenWF/runtime.pluto	101879	0abf6d43510603b2d36a3a54c828e865974bc98611f58f18d2d1288d3ffa3ab2
OpenWF/samples/Auto Teleport to Waypoint.pluto	364	4cdfd207d86e5f71cd8211d922b40dcf5ecfdb6e91fcaa590a80b34d3647b753
OpenWF/samples/Become The Stalker.pluto	449	ebfa6023e984c0951640d76d1c314d1216dc2036bd9d1a4ee99a9115cc337d02
OpenWF/samples/Chat Commands.pluto	4605	687e3f96d1c9cdf0400c754cb7dff1fae525c85c2b2e46fea5d064d4fc0953da
OpenWF/samples/Complete Wave or Mission.pluto	225	b540f348c4f4fb435f5ab8242e54ad70321be83a97d3d3bd4e421069ab409168
OpenWF/samples/Cycle Camera.pluto	441	8a7f0848b2b58eac64aaea82570b5c24624f39cfd1683ddb4db565cf243c85eb
OpenWF/samples/Detailed Enemy HP.pluto	1100	d90ea6791c26ed2a9f420e7f40ad4aca6c0c969fbc4a4f44442278b886a08e3c
OpenWF/samples/Enter Simulacrum.pluto	333	a4c0c9e8b88c9114e59ad587a1a2e786060f72130b64e75febc10a7029553a27
OpenWF/samples/First Person View.pluto	995	5cb2d92339c4887f17f179f9c7b81daccdf72160b3886e54e11fe3b0a06a700a
OpenWF/samples/Freecam Teleport on Disable.pluto	416	526f5eedb49106384b8e86c27293459eb543c1ea309c914d179ce087b37e7dce
OpenWF/samples/Freecam Up Down.pluto	602	eb70e76dabc1fa627cbacc32725e5d04801ab49f60f2be83231edf9ddb8c413a
OpenWF/samples/Godmode.pluto	485	ecbf51da37e3fe3a8dd3473dffbf9f1e7352f29a910cd8686e5dacc39f5fd5ec
OpenWF/samples/Increase Damage.pluto	428	2b60ce08856240a56338ca04457f3b110c98c3cd67be597ef41ca394e1851e8f
OpenWF/samples/Kill All Enemies.pluto	265	3ddaafe771be8f03fd655c1cd6f857ec07ed862c8734788307b27d2cf91e9df3
OpenWF/samples/Loot Party.pluto	227	7e25e0269a3809076159fc0cb9693ef44acec775adfa7262d80bd4c252709ec9
OpenWF/samples/No Ability Cooldowns.pluto	314	d80e0e757097d6e88a822f4501153024e2c5408910d90644a313b615da7c6622
OpenWF/samples/Noclip.pluto	1286	9493aaf2a668f5f4d19f62b7decf2019825643a73aca5bc3953d2c95dc7c19a6
OpenWF/samples/Settings.pluto	1958	bd94b5583871d6dc715ff2d1b19f125cf842f8ccc0eba9b7e632da6ba8e61b43
OpenWF/samples/Speedometer.pluto	350	eeabbd96ef7186f2caf3ed8bd83286ad7391e5868eba8885e56bd09534c6157c
OpenWF/samples/Wallhack.pluto	521	26d143314c6383cb5ac59acf225ca254d6b2efa19cd2a60c01637d8590f9d5e2
OpenWF/samples/Watermark.pluto	601	a390dcf0153c52050e1250c229cc9577e756efbbd9f256168885cb1df9fa8672
OpenWF/Script API Reference.pluto	37178	bfcb8bac4a6e4c25c3c71bb2e7d964126641703b8aae438c6ccd8e69d3c49f56
OpenWF/tunables.json	1792	fcabf218357ac7c1a1c9586b05a18f933ebb7e7b601956580694801a39857d08
OpenWF/vv/default_windowMode.json	34	553bc0c7f7a7074e64af77fa1e9e78d09d522df024f7f4bcf0393d40f6cf618e
OpenWF/vv/game_versions.json	1611	3c1a8c2562b107d81e91b94552f510eb596a5073f81bc8b1a8fed2384d052b54
OpenWF/vv/off/GameHttpRequest_body.json	364	67cad890e8bb4da2024324671d351fd763f2dd1a83bc6e4527bf4ba7f701d907
OpenWF/vv/off/luau_GlobalState_error_longjump_data.json	79	ee45d8a54b366529cab9d1019a73c5558109715874234eaab7c573f28109e578
OpenWF/vv/off/luau_GlobalState_panic_func.json	79	0e87bfcce3873c31253ca6da5f3a6a7e283a9943823cfa03753847560e4d8673
OpenWF/vv/sig/check_string_substitutions.json	1173	c4bfe95150e5bdf55d2a7a307487eb96ed4c988108a4ff75d8a320dce80df378
OpenWF/vv/sig/Curl_ossl_verifyhost.json	780	4cc6c631e3803c06fba60d3047ca21c774f6120b152995d9417d370b58c814a2
OpenWF/vv/sig/irc_send_raw.json	740	947ee8bf7e836012d3de538954fedacd982311a373c19e43fba6616d5b85a3a9
OpenWF/vv/sig/ssl_verify_internal_caller.json	207	8fdfd6dd8897d983118e64efcc568698f2cf298f20903ceef56fb93efaa9944f
OpenWF/vv/sig/verify_worldstate_integrity.json	1607	035d89ee4efbb526291926f2d184c7ad7c2bc368f7d2e2825b2ddc88dc2ee8dd
OpenWF/vv/wf_fnv_2_initial.json	186	6bcdd37460263072e1912490623f32f7c7c330212c06b2fc5e6a5f0688bc6f20
owf_archive_data.cpp	204	97c457975dd0c412095efccdd2f6e78979c0cc4ed613f97657d0dcc730819b91
owf_cache.hpp	2167	36446e0f77548031f51c61b1651960309f0dfac4d4fbac50b7832bd1af21a5f8
owf_config.cpp	16375	8e04e63eedd46eec8bd98710871d6996f3e4924c8aa896f0f1aed0768b38679f
owf_config.hpp	2015	f0ce3fba3fd8c5880a6622e62cb01dd5bd674bb82fa747d34a0d31661d0d09fe
owf_console.hpp	3184	afd44e4362dc9f4feb43bf970cc4c500b5c2986b9304ad7396d6eeb1d98e7c53
owf_hotkeys.cpp	2253	7a16c5bcf8b3f66fd0ce2fb6da7f5bfcaa9980f881d84c70d66d829ae8a8b1ad
owf_hotkeys.hpp	986	3ccaf37169c61a7cc6f33828a42fe8716ce21093a52274f42cb8a88326ea1110
owf_irc.hpp	3676	c5787bca8849f70cbd6b2160956df51090fcba5e689e40f61aa7d5863a996d11
owf_label_replacements.cpp	2367	196626b90e29521953f848d9363311eaf13cd58594701c8cbf2a78f08f1b04c3
owf_label_replacements.hpp	1083	381ccc25d72f08023659cabe82d5dcd704ddb94343fd4b512ef9e7a13d5ffbc9
owf_luau.hpp	8505	d2e0c68455c994dc8dc6072097b5687d363076f873ff88542e83db9c24bc2f00
owf_metadata_patches.hpp	671	aa37054981f3186a52d54cb46dab6008d0467bed49b4fad9f7dcabaa586d136b
owf_overlay.cpp	6311	92b0b6e4ebe6a4cf00f12f4ce43c562cfcb52d66711e1b2e14f01ba735cb5cbd
owf_overlay.hpp	2147	2cb37d335100e063eb28fc1e864b27b6b562df505eaca8a9eee61270dda6b85f
owf_repo.cpp	5185	1c42c54861312b385b1953a697eba443b3594aa778f28ba1a6e5294243d8057a
owf_repo.hpp	1472	ceb086fb6e0c6b6f5ccf83d9fe769e9ae9abddfda3b032cba3d5d1c3e93b7004
owf_scripting.cpp	63285	a81b0bf6ee4de2bf7ead4f5ff6fa55c43145cb6ad737d676d1d5b5bd2fe5ead4
owf_scripting.hpp	4887	97f7798d6d4561f55c08fd3718878f81886f1db3c70258e164ed00db86486c25
owf_structs.hpp	11560	c93056bb07672c993608270e926cb083618a3e729da3f58cbc6de920fc744e4b
owf_tunables.cpp	2979	f239b48816afffe23479cbf5242716183f5e310988f3cc83ed76d76a13cfde07
owf_tunables.hpp	980	78f026026f29e5f960dd4bce0e040f0522c4e259a20e9fe5d460d969e6769d6f
owf_udp_proxy.hpp	2064	d1ac07cb9c5025838f69eebc195053c2c81f86b10cf1d643c853318186cfc5e4
owf_web.cpp	25956	6d2afedbfe33f01e45a776053e90f7ad7005c42c693d6a06d6fdcb60f5f90d37
owf_web.hpp	665	6b04547f4b508067a6820bff66c963aa8c69adf41640294e4136c71b0727a05c
tools/archive.pluto	6418	20ff50f435d56a453257badc0197cf4b3627e56c1af8105c408f8c96e152b5cd
tools/embed_checksum.pluto	522	28bbffb454bc42a0678691c39beb407fbb0fa213f80a09af7ca07564b4822e13
tools/make_version_rc.pluto	973	b1c65cc430c3b77bdb10dd79caf5b9cf52f2bbd6f8740b7678d5369d58b2c488
tools/pluto.exe	2202112	1ed4c49d8ce3e70e4b901af232908009dd1ec913cdbb72781b9eba89a674f2fb
tools/u64_dyn.lua	8014	092f60e363825d31ade142a2f28558b45729f931544b6d035a5b6f058e566a51
tools/u64_dyn.php	9931	72c878d0648dbb73bb2c81c91c6e7c613a33e465e365096b30ad6f112ce8256c
tools/upx.exe	623616	16a29adbdf3b6fde74c290205e24cceb7bef1a216941922aa73d2d808a699bbb
tools/vv.pluto	712	e7a0b80a9163cae0d5e9d14b7b91b42bd0c5c40057706500f5e5754e6d6b42ec
