feature_id	subsystem	feature	custom_source	line_anchor	stock_equivalent	current_state	parity_required	runtime_gate	migration_target	risk	parity_test	notes
PX-001	proxy	Export forwarding to renamed OpenWF companion	../DLL_builder/wtsapi32.def	1	NONE	DEPLOYED_CUSTOM	yes	process_load	renovice/host/single_dll_exports	critical	Single source-built DLL satisfies every currently forwarded export and the game reaches login	Temporary compatibility mechanism disappears only after single-DLL parity
PX-002	proxy	Explicit chain-load of wtsapi32_owf.dll	../DLL_builder/wf_lua_redirect.cpp	1107	NONE	DEPLOYED_CUSTOM	yes	process_load	renovice/host/bootstrap_lifecycle	critical	Source-built DLL initializes OpenWF routing and RENOVICE features without loading a companion	Final target removes this dependency
CFG-001	configuration	CustomScripts directory creation with LocalAppData fallback	../DLL_builder/wf_lua_redirect.cpp	1084	PARTIAL:OpenWF config paths	DEPLOYED_CUSTOM	yes	process_load	renovice/config	medium	Read replacements addons config and logs from the resolved path on writable and fallback installs	SOURCE PORT OFFLINE PASS: one source-owned path is selected only after a real writability probe; replacement and injection consume it; primary/fallback live test remains
CFG-002	configuration	renovice.cfg live Logging Verbose AutoSpawn compatibility and Diagnostics flags	../DLL_builder/wf_lua_redirect.cpp	154	PARTIAL:owf_config	DEPLOYED_CUSTOM	yes	renovice.cfg	renovice/config	low	Startup and F9 both apply every active flag with exact logging and diagnostics state	DEPLOYED 2026-09-02: Logging/Verbose/Diagnostics are cached; Diagnostics defaults off; AutoSpawn remains parse-compatible but no longer drives a fake region lifecycle V58 OFFLINE PASS: DiagnosticsMode off/errors/trace, a bounded 1..65536 event budget, exact target/method/addon filters, diagnostic output independent of ordinary Logging, no-format off path, and exact owned _T.RENOVICE_TRACE install/remove with post-commit F9 reconciliation pass config/injection and zero-warning x64 build gates; live mode-cycle acceptance remains pending.
LR-001	lua_replacement	DE bytecode undump detour	../DLL_builder/wf_lua_redirect.cpp	177	NONE	DEPLOYED_CUSTOM	yes	lua_module_load	renovice/de_luau/loader_hook	critical	Stock no-edit modules and known replacements load without crash on the certified game build	LIVE SMOKE PASS: exact single DLL loaded and the user exercised the current replacement scripts without a crash
LR-002	lua_replacement	Custom-basis FNV-1a-64 original-body replacement lookup	../DLL_builder/wf_lua_redirect.cpp	187	NONE	DEPLOYED_CUSTOM	yes	replacement_present	renovice/de_luau/replacements	critical	Known deployed original hashes match and nonmatching modules remain byte-identical	LIVE SMOKE PASS: all four annotated filenames validate and the user exercised the current replacements; F9 next-module-load behavior remains a separate test
LR-003	lua_replacement	Replacement byte length may differ from stock body length	../DLL_builder/wf_lua_redirect.cpp	191	NONE	DEPLOYED_CUSTOM	yes	replacement_present	renovice/de_luau/replacements	high	Smaller and larger certified Lua replacements both load and execute	SOURCE PORT OFFLINE PASS: immutable replacement vector pointer and its own length are forwarded; live smaller/larger execution remains
LR-004	lua_replacement	Masked signature resolution with RVA fallbacks	../DLL_builder/wf_lua_redirect.cpp	254	PARTIAL:OpenWF version data	DEPLOYED_CUSTOM	yes	game_build	renovice/versioning	critical	Every mandatory symbol resolves uniquely and every fallback is rejected on an uncertified build	SOURCE PORT OFFLINE PASS: unique signature preferred; exact June/July/August RVA keys moved to tunable data and unknown U43 builds fail before hooks
LR-005	lua_replacement	F9 re-execution of changed loaded modules in their captured environment	renovice/replacements.cpp	318	NONE	DEPLOYED_CUSTOM	yes	changed_replacement_and_loaded_module	renovice/de_luau/live_module_refresh	critical	Edit an already loaded ability replacement press F9 and observe the new function on the next cast without restart while removal restores stock	SOURCE PORT OFFLINE PASS: captures manager environment VM loader-name handle owner thread and stock bytes; F9 queues one newest-wins job per context; same-VM work executes immediately and other VMs drain only at their own loader boundary; natural loads prevent duplicate execution; nested delivery is blocked; live Arsenal and next-cast proof pending
LI-001	lua_injection	Capture live DE script manager name handle and environment from loader	../DLL_builder/wf_lua_redirect.cpp	309	NONE	DEPLOYED_CUSTOM	yes	first_real_module	renovice/de_luau/vm_context	critical	Capture produces valid manager state and environment in menu and mission regions	SOURCE PORT OFFLINE PASS: exact U43 loader signature and guarded descriptor capture; live capture remains
LI-002	lua_injection	Discover and read CustomScripts Inject lua_B files	../DLL_builder/wf_lua_redirect.cpp	463	NONE	DEPLOYED_CUSTOM	yes	startup_or_F9	renovice/de_luau/hot_folder	medium	Current Inject directory is represented exactly including added and deleted files	EVENT-DRIVEN V18 OFFLINE PASS: deterministic whole-folder candidate snapshot covers ordinary and managed files at startup and explicit F9; target addons additionally activate on exact natural target-module load
LI-003	lua_injection	Fabricate loader descriptor and allocate bytecode with game allocator	../DLL_builder/wf_lua_redirect.cpp	365	NONE	DEPLOYED_CUSTOM	yes	inject_run	renovice/de_luau/module_loader	critical	Injected bytecode loads and game-owned buffer lifetime remains valid through loader completion	SOURCE PORT OFFLINE PASS: deployed descriptor layout preserved and allocator signature unique; live loader ownership remains
LI-004	lua_injection	Seed injected closures with the real global environment	../DLL_builder/inject_seh.c	59	NONE	DEPLOYED_CUSTOM	yes	inject_run	renovice/de_luau/module_loader	critical	Injected script resolves confirmed globals and native methods without environment faults	SOURCE PORT OFFLINE PASS: _G is fetched from real globals and written to descriptor; tag 6/7 discrepancy requires live observation
LI-005	lua_injection	Restore borrowed registry entry and avoid fabricated-closure GC corruption	../DLL_builder/inject_seh.c	72	NONE	DEPLOYED_CUSTOM	yes	inject_run	renovice/de_luau/module_loader	critical	Repeated injection plus forced region activity produces no delayed incremental-GC crash	SOURCE PORT OFFLINE PASS: normal and native-fault paths restore borrowed TValue; delayed-GC live soak remains mandatory
LI-006	lua_injection	Thread-gated vectored exception containment and Lua top restoration	../DLL_builder/inject_seh.c	23	NONE	DEPLOYED_CUSTOM	yes	inject_fault	renovice/de_luau/fault_guard	critical	Deliberately faulting addon is contained stack top is restored and later scripts still execute	SOURCE PORT OFFLINE PASS: source VEH and VM-top restoration build clean; deliberate live fault remains
LI-007	lua_injection	One-shot additive module execution through guarded pcall	../DLL_builder/wf_lua_redirect.cpp	443	NONE	DEPLOYED_CUSTOM	yes	ordinary_Inject_file	renovice/de_luau/addons	high	One-shot addon runs once per committed generation and returns without residual subscription	SOURCE PORT OFFLINE PASS: ordinary pcall failure now reports FAIL; one-shots run only after managed commit and explicitly remain non-reversible; live fixture remains
LI-008	lua_injection	Persistent custom module registration under Renovice dotted name	../DLL_builder/wf_lua_redirect.cpp	443	NONE	EXPERIMENTAL_CUSTOM	yes	filename_contains_persist	renovice/de_luau/hot_modules	high	Persistent module survives GC and is replaceable through the managed generation table	LEGACY FORM RETIRED / OFFLINE REPLACEMENT PASS: .persist remains rejected; .addon.lua_B returns validated lifecycle closures rooted in the real DE registry until cleanup and release V67 LIVE PASS: exact managed filename and byte identity plus complete lifecycle-root ownership reuses the active generation; any membership, name, byte, or root mismatch retains the cleanup/activate/release transaction. One restarted process committed nine F9 transactions, generations 2 through 10, with managed_generation=reused, zero rollbacks, and zero addon-fatal records.
LI-009	lua_injection	Generation-suffixed module identities defeat require cache	../DLL_builder/wf_lua_redirect.cpp	390	NONE	DEPLOYED_CUSTOM	yes	spawn_generation	renovice/de_luau/generation	critical	Two different generations execute different bytecode without receiving stale require result	LEGACY MECHANISM RETIRED / OFFLINE REPLACEMENT PASS: managed lifecycle tables use unique registry keys per generation and do not pass through require cache; live two-generation behavior remains
LI-010	lua_injection	F9 edge detection and atomic reload request latch	../DLL_builder/wf_lua_redirect.cpp	499	PARTIAL:owf_hotkeys	DEPLOYED_CUSTOM	yes	VK_F9	renovice/reload/control	low	One key press creates one reload request and holding the key creates no repeated transactions	V103 RESTORED; V104 LIVE REJECTED: V104 preserved the pending-only F9 lane and made nested Pluto bridge executions bypass RENOVICE, but restoring Pluto to UpdateFlashMarkers reproduced exact Limbo's prior null-continuation crash. F10 worked before the crash. The CDB exception, execute-at-zero address, first game return, failure bucket/hash, and fourteen game stack offsets are identical to V37. V67 remains the latest live nine-press F9 proof. Direct UpdateFlashMarkers scheduling must remain absent from the combined runtime.
LI-011	lua_injection	Drain reload and injection work after an exact owner-thread DE VM return	renovice/injection.cpp	4705	NONE	DEPLOYED_CUSTOM	yes	pending_startup_or_F9	renovice/de_luau/safe_point	critical	Startup and explicit reload execute on the captured VM and owner thread while every no-request DE return performs zero Lua or Pluto scheduler work	V103 RESTORED; V104 LIVE REJECTED: the Pluto activity epoch could reject a containing outer return only after that execution had already entered the RENOVICE VM observer, and Pluto still ran inside the live DE C/namecall frame. Nested observer bypass did not make the boundary safe. Exact Limbo reached Warframe+0x19815c7 call rax with rax=0, identical to V21/V22/V37. V104 source, binary, dump and debugger reports are preserved as negative evidence; installed and repository artifacts are exact V103.
LI-012	lua_injection	Retired bytecode-gap region heuristic retained only as historical manifest evidence	../DLL_builder/wf_lua_redirect.cpp	180	NONE	DISABLED_CUSTOM	no	never_installed	renovice/de_luau/region_lifecycle	medium	No bytecode timing gap may fabricate a mission or region transition	RETIRED BY DESIGN 2026-09-02: startup applies one managed generation and F9 explicitly reloads; natural target-module loads activate target addons; AutoSpawn is compatibility-only
LI-013	lua_injection	Target-scoped managed addon delivery into each natural module-owning DE VM	renovice/injection.cpp	804	NONE	EXPERIMENTAL_CUSTOM	yes	valid_16_hex_target_addon_and_projection_contract	renovice/de_luau/target_addons	critical	Card: exact queried Ability resolves one unambiguous target before afterAbilityCard publication. Gameplay: an exact content-keyed module execution owns SetSourceObject and attaches the current afterDamage generation without a shim; optional object matcher is fallback only. Stock results and unrelated scripts remain unchanged.	TWELVE HYPOTHESES FALSE: VM-global and borrowed-environment RENOVICE symbols reached neither hook; untouched BardMusic has no SetDamageCallback to decorate; the native helper frame is not card-module ownership; ci-1 through a partial 24-byte CallInfo does not reach the caller in a 48-byte ABI; post-load identity is too late for in-loader publication; VM SETGLOBAL bytecode does not call the public Lua C API setter; module load/undump completion does not prove root execution/export publication; the final cached-environment/root-execution build produced neither Overguard nor card rows live; post-registration SwigMethod descriptor mutation intercepted zero calls; legacy string global lookup returned no _T table on all 24 synchronous native-detour entries; first-drain observer installation occurred after the target module load and yielded zero bindings; and corrected pre-load observer installation still yielded zero bindings across 30 complete card transactions, proving the target load is not nested in the RunScript call. TRUE LIVE: the registry-validated native RunScript detour plus current DE BOOL-tagged wf_hash global lookup intercepted 82 calls and produced 38/38 complete ability-card transactions in one VM/thread: 19 base, 19 modded, four distinct Octavia ability identities, same VM, original result count zero, and table output throughout. V33 SOURCE GATE: loader-timing association is retired; afterAbilityCard requires matchesAbility(Ability), different target keys claiming the same resource fail closed, and matching runs only at real card queries. Valid target keys are inventoried before enabled-policy filtering so a disabled-at-start addon can retain natural module identity without executing its bytecode. Contract tests, deterministic addon compilation, DE roundtrip, Semantic IR, dependency/manifest gates, and zero-warning x64 build pass; Mallet OFF-ON-OFF remains pending live acceptance. V39 OFFLINE PASS: afterDamage itself opts into native adapters; exact body-key + VM + root-prototype/environment execution owns SetSourceObject without matchesDamageSource or a full replacement. The immutable published identity snapshot removes generation locking from the VM execute path. One 1,671-byte Mallet addon owns card rows, damage-to-Overguard, and threat 5. Source reproduction, 8/8 DE roundtrip, 8/8 Semantic IR, strict API, injection/UI/runtime gates, and a zero-warning x64 build pass. V39 startup live accepts addon activation, native damage-adapter installation, and card publication; target-execution, afterDamage, visible Overguard, and threat 5 remain the gameplay gate. V49 OFFLINE PASS: generic hooks.nativeCalls[method].before/after resolves one unambiguous SWIG implementation and routes only exact target-body/VM/prototype/instruction calls through mutable fixed-count argument/result tables. Callback failure restores stock inputs/results; aliases, reserved conflicts, malformed declarations, and partial hook bundles fail closed. The rejected RadialDamage batch/detour is removed and afterDamage dispatches each positive engine-reported result immediately. Mallet owns PushFloatArg proto 16 instruction 596 and uses stock operation 10 to Strength-scale its 15,000 cap in gameplay and card. Deterministic compile, 10/10 roundtrip, 10/10 Semantic IR, strict API, mock, injection/runtime/UI, zero-warning x64, executable-hash, and import gates pass; V49 live startup/gameplay remains pending. V57 TRUE LIVE: protected direct native IsKilled/GetHealth NAMECALL state filtering removed the reproduced post-death-looking Mallet Overguard grants while preserving the accepted V56 generic runtime and standalone V57 addon. V58 OFFLINE PASS: generic nativeCalls diagnostics now record exact prototype/instruction, arguments/results, provider identity, returns, and failures behind bounded exact filters; no ability-specific runtime branch was added. V60 LIVE REJECTED: exact luaCalls prototype 64 before/after dispatch reached stock Survival startup, but unconditional after dispatch on a yielded state corrupted the later resume and crashed. V61 OFFLINE/DEPLOYMENT PASS: luaCalls.after requires status zero, valid CallInfo bounds, and target-frame absence; thread-status, invalid-scan, and still-active boundaries log and skip; Survival is before-only; the exact V60 DLL/addon rollback pair is preserved; live V61 acceptance remains pending. EXPORTED-WRAPPER LIVE REJECTED: a normally named addon global did not resolve Mallet's DE hashed `SetThreatLevel` export; every activation was rejected and rolled back. V62 OFFLINE/DEPLOYMENT PASS: successful `luaCalls.before` callbacks may copy back only finite same-tag number or boolean arguments after whole-candidate validation; after-phase and GC identity replacement are rejected. The Mallet addon owns prototype 18, argument 3, value 5 and contains no native threat hook or bytecode edit. The exact V61/V57 working rollback pair is preserved; V62 startup and threat gameplay remain open. V63 CAPTURED-TARGET RESTORE ROOT CAUSE/OFFLINE/DEPLOYMENT PASS: a reproduced Baro-to-Navigation full dump proved BuildMissionForLocation entry still jumped into a reused compact cave whose bytes were E9 FB FF FF FF. Stock CompactDetourHook teardown followed its installed E9 and restored saved bytes into the cave instead of the function entry. RENOVICE now captures the resolved entry before enable, validates the owned E9, restores and verifies that entry before cave destruction, and fails closed on unexpected mutation. Exact captured-address lifecycle test, safe-runtime/dependency/manifest gates, zero-warning x64 build, package hashes, deployed V63 hash, and all 20 unchanged CustomScripts hashes pass. V63 LIVE PASS: the user completed the exact Tennocon Baro-to-Navigation route and the game/UI remained responsive. V64 OFFLINE/DEPLOYMENT PASS, LIVE REJECTED: the first Ice Wave test proved the addon loaded but no callback was installed because DamageDD exposed four entries with four distinct implementations and V63 rejected the adapter commit. V64 installed one captured compact detour per distinct implementation, capped at 32, while preserving exact target body, VM, prototype, instruction, and method dispatch. The V64 retest still dealt stock damage; all four E9 detours remained installed, but zero post-callsite events appeared. V65 OFFLINE/DEPLOYMENT PASS, LIVE GAMEPLAY REJECTED / DIAGNOSTIC PASS: 128 DamageDD entries proved the installed detour is reached, while every exact target resolution failed. Live frame and prototype reads proved CallInfo.savedpc is +0x18, nativeCalls-only addons were omitted from the execution identity snapshot, and raw word 82 is logical CALL 65 following catalog NAMECALL 64. V66 OFFLINE/PACKAGE/DEPLOYMENT PASS: the 0x28 CallInfo tail is fully pinned, every nativeCalls addon publishes its target graph, and the U43 width-aware resolver maps native CALL entry back to the naming NAMECALL. No target-specific runtime branch or addon-bytecode change was added; gameplay remains pending. V75 SHARED-VM TRACE OWNERSHIP LIVE FALSE/OFFLINE PASS: the V74 test proved Ice Wave SetBaseAmount and DamageDD callbacks ran after another target addon in the same VM, but the other target removed VM-wide _T.RENOVICE_TRACE and yielded zero BATTLE records. Unrelated target activation now preserves the RENOVICE-owned bridge; explicit global reconciliation owns removal; diagnostics-off and invalid-filter cases fail closed; deterministic ownership tests and the zero-warning x64 build pass. V75 runtime-only deployment and post-deployment hashes pass; startup/live records remain pending from byte 12879212. V76 VM-REGISTRY TRACE ROOT LIVE NEED/OFFLINE PASS: V75 startup and exact Ice Wave native callbacks passed, but the callback reported trace-field-absent and the analyzer found zero transactions. The raw C++ TValue cache was not a Luau GC root. V76 roots the generic trace C closure in the VM registry, clears it when diagnostics end, deletes the raw cache, and passes all runtime/toolchain gates plus a zero-warning x64 build; deployment/live records remain pending. 2026-09-29 MULTI-TARGET + ROOT-INSTANCE OFFLINE PASS (branch feat/multi-target-addon): one Inject/<Name>.targets.addon.lua_B declares several exact module keys (lowercase 16-hex string-pool constants = targets[key] entries) and expands to one ordinary binding per key with one Scripts row/policy; each binding selects targets[key] inside the protected load leaf, fails locally with an exact reason, and single-key files are unchanged. Generic root-instance binding records the runtime environment a loaded target root actually ran in and rebinds at the next exact idle return; luaCalls attribute by exact live prototype identity instead of the load environment (no luaCalls dispatch had occurred since V107); lifecycle, chunk and luaCalls.before failures log bounded sanitized Lua error text. verify_multi_target_addon.ps1, verify_target_root_binding.ps1, injection/UI core and the zero-warning private build pass. Live: Survival luaCalls, Circuit activation, Mallet/Ice Wave/ESO regression and multi-target probe pending.
LS-001	lua_scheduler	Fabricated script resource and engine START invocation	../DLL_builder/wf_lua_redirect.cpp	353	NONE	EXPERIMENTAL_CUSTOM	yes	SPAWN_GO_or_AutoSpawn	renovice/de_luau/scheduler	critical	Named OnInit reaches START and returns without lock corruption on certified build	RETIRED BY DESIGN: .spawn fails closed; managed lifecycle callbacks provide owned persistent behavior without fabricated scheduler objects
LS-002	lua_scheduler	One-shot load detour selects named OnInit entry	../DLL_builder/wf_lua_redirect.cpp	332	NONE	EXPERIMENTAL_CUSTOM	yes	spawn_naming_armed	renovice/de_luau/scheduler	critical	Only the deliberately spawned instance is renamed and ordinary loads remain unchanged	RETIRED BY DESIGN: no naming detour is installed; ordinary and managed chunks use the guarded real loader boundary
LS-003	lua_scheduler	Optional engine scheduler enrollment of injected instance	../DLL_builder/wf_lua_redirect.cpp	413	NONE	EXPERIMENTAL_CUSTOM	yes	ENROLL_GO_or_AutoSpawn	renovice/de_luau/scheduler	critical	Enrolled coroutine resumes and an identified inverse cleanup path safely retires it	RETIRED BY DESIGN: no scheduler enrollment occurs; every managed addon must own explicit idempotent activation and inverse cleanup
LS-004	lua_scheduler	Poll injected instance run-state and enrolled flag	../DLL_builder/wf_lua_redirect.cpp	918	NONE	EXPERIMENTAL_CUSTOM	no	enrolled_instance	renovice/diagnostics/scheduler	medium	Diagnostic accurately distinguishes waiting yielded and completed instances	Diagnostic evidence rather than user-facing feature
SW-001	swf	Oodle decompression hook and decompressed-body hash replacement	../DLL_builder/wf_lua_redirect.cpp	509	PARTIAL:OpenWF resolves Oodle	DEPLOYED_CUSTOM	yes	swf_replacement_present	renovice/swf/decompress_redirect	critical	Known stock SWF matches replacement and unrelated Oodle traffic is untouched	SOURCE PORT OFFLINE PASS: exact signature is unique; full original-body key is required; active directory currently has zero SWFs so live fixture remains
SW-002	swf	Multi-slot armed SWF overlay state	../DLL_builder/wf_lua_redirect.cpp	565	NONE	DEPLOYED_CUSTOM	yes	matching_swf_decompressed	renovice/swf/overlay	critical	Multiple configured SWFs can be armed and parsed without cross-assignment	SOURCE PORT OFFLINE PASS: immutable owned entries prefer originating thread and ambiguous equal-length cross-thread matches fail closed
SW-003	swf	NtReadFile cache TOC decompressed-size adjustment	../DLL_builder/wf_lua_redirect.cpp	600	NONE	DEPLOYED_CUSTOM	yes	matching_cache_toc_read	renovice/swf/cache_toc	critical	Larger replacement SWF receives sufficient buffer and unrelated reads are byte-identical	SOURCE PORT OFFLINE PASS: legacy 28704-to-28704 no-op removed; exact optional sidecar triple grows only matching TOC entries; live larger fixture remains
SW-004	swf	SWF parser-stage bounded full replacement overlay	../DLL_builder/wf_lua_redirect.cpp	626	NONE	DEPLOYED_CUSTOM	yes	armed_matching_file_length	renovice/swf/parser_overlay	critical	Parser sees replacement from byte zero bounds are enforced and stock parser remains stable	SOURCE PORT OFFLINE PASS: parser signature unique; FWS header length capacity cursor and end are checked/set; live parser pass remains
SW-005	swf	One-shot Oodle call-chain and parser diagnostics	../DLL_builder/wf_lua_redirect.cpp	554	NONE	EXPERIMENTAL_CUSTOM	no	diagnostic_hit_budget	renovice/diagnostics/swf	low	Diagnostic remains available in research builds but disabled in production	Not required for gameplay parity
RV-001	riven	Presence-based riven_lock.cfg feature gate	../DLL_builder/wf_lua_redirect.cpp	699	NONE	DEPLOYED_CUSTOM	yes	riven_lock.cfg	renovice/riven/config	low	Removing the file makes every Riven hook behaviorally inert without uninstalling hooks	SOURCE PORT OFFLINE PASS: gate is cached at startup/F9 with no idle filesystem polling; active file exists; live toggle remains
RV-002	riven	Wrap eligible Riven stat rows in clickable hyperlinks and color state	../DLL_builder/wf_lua_redirect.cpp	835	NONE	DEPLOYED_CUSTOM	yes	riven_gate_and_reroll_path	renovice/riven/text_wrap	high	Reroll Riven rows are clickable and normal mods arcanes and challenge text remain unchanged	LIVE SMOKE PASS: source log records Riven stat links wrapped; long navigation and exclusion scope remain separate soak checks
RV-003	riven	GFx hyperlink click interception	../DLL_builder/wf_lua_redirect.cpp	671	NONE	DEPLOYED_CUSTOM	yes	riven_gate_and_lock_href	renovice/riven/click_hook	critical	Only RENOVICE lock links are consumed and all unrelated GFx events pass through	LIVE SMOKE PASS: multiple accepted Riven lock POSTs prove the intended click route executed; unrelated-link scope remains protected by exact parser tests
RV-004	riven	POST locked indices to custom server endpoint	../DLL_builder/wf_lua_redirect.cpp	706	NONE	DEPLOYED_CUSTOM	yes	riven_gate_and_click	renovice/riven/server_bridge	high	Lock click receives successful server response and reroll preserves the intended indices	LIVE SMOKE PASS: four accepted POST entries recorded by the source log; failure-path responsiveness remains a separate test
RV-005	riven	Locked-stat bitmask coloring and persistence across redraws	../DLL_builder/wf_lua_redirect.cpp	736	NONE	DEPLOYED_CUSTOM	yes	riven_gate	renovice/riven/state	high	Lock unlock and repeated reroll cycles show exact persisted red-state mask	SOURCE PORT OFFLINE PASS: atomic 32-bit state drives wrap colors glyph colors and POST body; live reroll persistence remains
RV-006	riven	Cache and invalidate live movie path context for immediate card redraw	../DLL_builder/wf_lua_redirect.cpp	869	NONE	DEPLOYED_CUSTOM	yes	riven_reroll_screen	renovice/riven/redraw	critical	Click redraws current card and navigating away never dereferences freed Scaleform state	SOURCE PORT OFFLINE PASS: copied strings and mutex context defer redraw to safe binding path and invalidate on gate/navigation; live navigation soak remains
RV-007	riven	Direct field-memory HTML hook retained but not installed	../DLL_builder/wf_lua_redirect.cpp	1029	NONE	DISABLED_CUSTOM	no	never_installed	renovice/diagnostics/retired_field_hook	medium	Source remains documented until the working SetStringVariable path has full parity	Do not accidentally reactivate this disproven path
CP-001	compatibility	Bypass obsolete game-too-new rejection in patched companion	../TO DO/BOOSTRAPPER PLAN/BOOTSTRAPPER_SOURCE_MIGRATION_ASSESSMENT.md	49	STOCK_VERSION_GATE	PATCHED_COMPANION	yes	game_version_43	renovice/versioning	high	Certified game build is accepted while unknown newer builds remain fail-closed	SOURCE PORT OFFLINE PASS: U43 requires both ProductVersion and whole-file SHA256; the Amir Shockwave reference passes all 32 executable checks; live smoke remains
CP-002	compatibility	Version 43 native-name hash seed 0x7e5af8e9	../TO DO/BOOSTRAPPER PLAN/BOOTSTRAPPER_SOURCE_MIGRATION_ASSESSMENT.md	50	STOCK_VERSION_DATA	PATCHED_COMPANION	yes	game_version_43	OpenWF/vv/wf_fnv_2_initial.json	critical	Known native names resolve with seed 0x7e5af8e9 on the certified build	SOURCE PORT OFFLINE PASS: v43 data added and independently re-derived from the certified executable
CP-003	compatibility	Two bypassed mandatory-scan crash paths	../TO DO/BOOSTRAPPER PLAN/BOOTSTRAPPER_SOURCE_MIGRATION_ASSESSMENT.md	51	STOCK_SIGNATURE_SCANS	PATCHED_COMPANION	yes	stale_scan_result	renovice/versioning	critical	Root-caused symbols resolve or genuinely optional hooks fail safely without bypassing mandatory failures	ROOT CAUSE OFFLINE PASS: stale seed hid UpdateFlashMarkers and GetStringVariable; both now resolve uniquely with no bypass
CP-004	compatibility	Private-build empty profile-string offset scan behavior	../TO DO/BOOSTRAPPER PLAN/BOOTSTRAPPER_SOURCE_MIGRATION_ASSESSMENT.md	52	PARTIAL:PRIVATE source condition	PATCHED_COMPANION	yes	PRIVATE_build	main.cpp	high	Profile directory offset resolves correctly with empty forced_profile_dir	SOURCE EQUIVALENCE OFFLINE PASS: PRIVATE condition preserves the scan when the configured path is empty
CP-005	compatibility	Current structure displacement capture at 0x27	../TO DO/BOOSTRAPPER PLAN/BOOTSTRAPPER_SOURCE_MIGRATION_ASSESSMENT.md	53	PARTIAL:version_40_source_path	PATCHED_COMPANION	yes	game_version_ge_40	main.cpp	high	Resolved profile structure offset equals the known current value	SOURCE EQUIVALENCE OFFLINE PASS: current signature is unique and match plus 0x27 reads 0x2c8
BL-001	build	Self-contained MinHook GCC DLL build and WinInet link	../DLL_builder/build.bat	1	PARTIAL:OpenWF build system	DEPLOYED_CUSTOM	yes	build	renovice/build	medium	Clean build produces one DLL with all required exports and no warnings or unresolved symbols	Migrate source files not stale object files
BL-002	build	Signature generation and RVA relocation helper tools	../DLL_builder/emit_signatures.py	1	PARTIAL:OpenWF version data	DEPLOYED_CUSTOM	yes	game_update	renovice/tools/versioning	medium	Tool regenerates deterministic signature evidence for every build-sensitive custom symbol	Keep research tooling outside production source where practical
SC-001	script_control	Persistent per-script enable disable policy shared by addons and replacements	renovice/script_control.cpp	1	NONE	DEPLOYED_CUSTOM	yes	ScriptStates.json	renovice/script_control	critical	RENOVICE_TOOLCHAIN/scripts_ui/verify_scripts_ui_core.ps1 plus private warning-free build and live enable-disable rollback test	V34 OFFLINE PASS: a nonempty staged batch is atomically persisted on either recognized Generic Settings close route, because live V33 evidence proved real checkbox edits can complete through the true/ExitScreen route. Empty closes are no-ops and malformed completion shapes still fail closed. The stock Confirm control remains explicitly visible and active. Repeated same-process add-on and replacement acceptance remains required live.
UI-001	pause_menu	Additive native SCRIPTS entry and per-script submenu	renovice/injection.cpp	1	PARTIAL:TopMenu native Menu rows	DEPLOYED_CUSTOM	yes	semantic_pause_menu_fingerprint	renovice/pause_scripts_ui	critical	RENOVICE_TOOLCHAIN/scripts_ui/verify_scripts_ui_core.ps1 plus live pause-menu stock-row preservation and toggle test	V34 BRIDGE-GATED SOURCE: exact TopMenu VM/root publication and the internal NAMECALL bridge remain hard prerequisites; an absent bridge leaves stock TopMenu untouched while F9 and injection remain available. The stock Confirm action remains forced active. Native staged changes commit once when either recognized stock close route dismisses the panel; no per-row reload or game HUD hook is introduced.
LI-014	lua_injection	Automatic scripted DamageDD capture with exact source and target isolation	renovice/injection.cpp	5505	PARTIAL:DamageDD	EXPERIMENTAL_CUSTOM	yes	DiagnosticsDamageCapture=scripted	renovice/de_luau/automatic_damage_diagnostics	high	Embedded runtime behavior plus 34 of 34 DE roundtrip and Semantic IR plus warning-free private build plus live multi-source and isolation acceptance	V77 OFFLINE PASS: config alone requests every SWIG DamageDD implementation; loaded U43 module graphs map the closest Luau caller to exact body path prototype and instruction; Battle Log V5 surrounds stock per-target damage without mutation; explicit target providers suppress duplicates; bounded filters isolate source body path or name target type and numeric damage type. Native-only weapon and projectile damage remains explicitly unproven and RadialDamage is not mislabeled per-target. V77 LIVE REJECTED missing activate/cleanup; V78 STARTUP PASS but automatic capture LIVE REJECTED (91 arithmetic-unm-on-nil before errors, zero automatic transactions). V79 exact restricted-math failure reproduced and repaired; restricted-environment finite/nonfinite tests, 34/34 DE roundtrip and Semantic IR, and zero-warning private build pass; live multi-source capture PASS (64 automatic across two independent sources, plus 36 explicit, 100/100 complete); saved-log source isolation PASS; runtime F9 source isolation UNTESTED LIVE.
LI-015	lua_injection	Native per-target battle capture including radial and weapon damage	renovice/engine_damage.cpp	1	PARTIAL:native DamageControl damage ingress	EXPERIMENTAL_CUSTOM	yes	DiagnosticsDamageCapture=engine	renovice/native_damage_diagnostics	high	Current executable SHA256 and three unique native signatures plus native decode and source filter regression plus analyzer 133-damage pair and incomplete-record regression plus warning-free private x64 build plus live Brightbonnet and unrelated weapon acceptance	V80: observations surround stock native DamageControl processing; no ability-specific runtime branch, VM entry, packet mutation, polling, or target retention. Native and Lua observations are separate non-additive layers. Unknown life/status/armor reads remain unavailable. Trampolines stay process-owned across F9; configuration and budgets change only at the existing accepted generation boundary. Live gameplay pending.
LI-016	lua_injection	Universal native HUD buff notifications and exact caster buff lists	renovice/injection.cpp	5904	PARTIAL:Avatar and HudStatus GetBuffNotifications	EXPERIMENTAL_CUSTOM	yes	DiagnosticsBuffs=true and DiagnosticsMode=battle-or-trace	renovice/de_luau/universal_buff_diagnostics	high	Stock HudRedux IR plus unrelated-resource observer fixtures plus config/injection/guard/analyzer regressions plus warning-free private build and exact installed-client native buff/F9/off acceptance	V85 OFFLINE PASS: shared native getter returns and Avatar lists at existing combat boundaries, native name tags and raw fields, stock-confirmed HUD units, no queue clear/resource loading/gameplay mutation/polling/buff ledger; rooted pending receiver and post-stock cleanup. Numeric HUD counts are not guessed upgrade stacks, and complete hidden contributor decomposition remains unverified. Native wrapper/startup/live gates pending. V85 LIVE NOT ACCEPTED: 134 unavailable Avatar reads, no getter-return list, no named records; empty nil versus failed getter not distinguished. V86 BUILD PASS: current executable getters statically prove nil-empty and table-populated; typed error/return metadata, distinct HudStatus queue snapshots and bounded native stock/self ingress/selection/result probes; all gameplay scripts/config preserved; live native names/F9/off pending.
