GlobalProto	MaxStack	ExplicitParameters	Upvalues	Vararg	Instructions	Constants
0	17	3	3	0	130	30
1	9	1	0	0	20	11
2	6	1	0	0	9	4
3	6	1	0	0	9	4
4	6	1	0	0	9	4
5	6	1	0	0	9	4
6	6	1	0	0	9	4
7	7	1	0	0	11	7
8	10	1	10	0	147	23
9	16	1	5	0	68	37
10	3	1	1	0	5	1
11	5	2	2	0	14	7
12	4	2	1	0	19	9
13	3	1	0	0	5	3
14	6	0	2	0	32	13
15	4	0	0	0	16	9
16	1	0	1	0	4	1
17	4	0	0	0	13	8
18	0	0	0	0	1	0
19	0	0	0	0	1	0
20	1	1	0	0	1	0
21	1	0	0	0	2	0
22	5	0	3	0	46	8
23	3	1	1	0	5	1
24	3	0	2	0	13	3
25	12	1	2	0	19	9
26	5	0	2	0	11	1
27	13	2	2	0	25	7
28	3	0	1	0	16	8
29	3	0	2	0	34	15
30	9	1	2	0	14	4
31	8	0	29	0	344	69
32	4	0	2	0	28	7
33	5	1	6	0	42	16
34	1	0	2	0	5	0
35	7	1	3	0	45	7
36	1	0	1	0	5	0
37	16	6	1	0	23	5
38	11	1	2	0	33	11
39	2	0	1	0	4	0
40	10	0	13	0	153	52
41	1	0	1	0	3	0
42	4	0	2	0	15	6
43	1	0	1	0	3	0
44	2	0	1	0	10	3
45	5	1	0	0	9	7
46	4	0	1	0	19	13
47	5	1	0	0	14	8
48	3	1	1	0	4	0
49	1	0	1	0	3	0
50	2	0	1	0	6	3
51	14	2	1	0	64	33
52	3	0	0	0	5	5
53	4	0	1	0	11	9
54	4	0	0	0	25	11
55	9	1	6	0	268	74
56	8	0	3	0	36	21
57	9	1	1	0	30	17
58	9	1	6	0	269	96
59	14	0	3	0	155	58
60	2	0	4	0	9	4
61	3	0	0	0	13	9
62	2	0	1	0	6	4
63	3	0	1	0	7	3
64	3	0	1	0	10	6
65	13	3	1	0	122	47
66	6	2	1	0	14	2
67	8	0	3	0	87	23
68	6	1	0	0	16	8
69	5	2	3	0	22	9
70	11	0	1	0	47	17
71	6	0	2	0	44	13
72	3	0	1	0	8	1
73	7	0	3	0	28	17
74	3	1	1	0	12	3
75	10	1	5	0	46	19
76	6	0	3	0	26	13
77	4	1	2	0	15	8
78	2	0	1	0	4	0
79	2	0	1	0	4	0
80	2	0	1	0	6	3
81	4	0	1	0	11	5
82	7	1	4	0	40	14
83	2	0	1	0	4	0
84	2	0	1	0	4	0
85	4	0	0	0	12	8
86	6	1	1	0	32	18
87	9	2	2	0	56	18
88	3	0	1	0	5	2
89	2	0	1	0	5	2
90	3	0	1	0	5	2
91	4	0	0	0	6	6
92	2	0	1	0	7	3
93	4	0	1	0	10	10
94	1	0	1	0	3	0
95	6	1	3	0	37	8
96	10	2	1	0	19	4
97	4	0	1	0	24	12
98	4	1	3	0	10	3
99	1	0	1	0	4	1
100	6	0	3	0	35	11
101	8	0	0	0	35	15
102	0	0	0	0	1	0
103	3	0	1	0	10	7
104	3	0	1	0	10	7
105	12	1	3	0	36	15
106	5	2	0	0	6	1
107	5	2	0	0	6	1
108	18	0	1	0	105	34
109	4	0	0	0	13	9
110	8	0	2	0	15	12
111	5	1	0	0	11	15
112	9	3	1	0	25	13
113	8	2	1	0	15	9
114	6	0	3	0	88	38
115	10	1	3	0	71	29
116	7	1	0	0	35	17
117	15	0	0	0	40	17
118	0	0	0	0	1	0
119	8	1	0	0	18	13
120	3	1	1	0	4	0
121	4	2	1	0	5	0
122	5	1	1	0	21	15
123	3	1	1	0	4	0
124	12	1	3	0	78	27
125	10	0	1	0	120	48
126	5	1	3	0	27	5
127	5	0	0	0	18	8
128	6	0	1	0	57	28
129	2	0	1	0	15	5
130	1	0	1	0	5	3
131	3	1	1	0	14	5
132	4	0	3	0	9	3
133	4	0	1	0	15	7
134	1	0	0	0	7	4
135	5	0	1	0	26	9
136	4	0	0	0	16	6
137	8	0	2	0	26	12
138	3	0	4	0	41	16
139	2	1	1	0	2	0
140	7	1	2	0	38	17
141	1	0	1	0	2	0
142	4	0	4	0	26	11
143	4	0	4	0	27	12
144	4	0	2	0	15	9
145	4	0	3	0	7	2
146	4	0	4	0	7	1
147	4	0	4	0	24	11
148	2	0	1	0	7	4
149	4	0	3	0	7	2
150	4	0	3	0	7	2
151	4	0	3	0	7	2
152	4	0	3	0	7	2
153	4	0	3	0	7	2
154	4	0	3	0	7	2
155	4	0	3	0	7	2
156	4	0	3	0	7	2
157	4	0	3	0	7	2
158	2	0	2	0	5	1
159	2	0	1	0	7	2
160	4	0	3	0	7	2
161	4	0	3	0	7	2
162	4	0	3	0	7	2
163	4	0	3	0	7	2
164	6	0	1	0	15	9
165	3	1	2	0	8	2
166	4	0	4	0	8	2
167	4	0	3	0	7	2
168	4	0	3	0	7	2
169	4	0	3	0	7	2
170	4	0	3	0	7	2
171	4	0	3	0	7	2
172	4	0	3	0	7	2
173	4	0	3	0	7	2
174	4	0	3	0	7	2
175	4	0	3	0	7	2
176	4	0	3	0	7	2
177	4	0	3	0	7	2
178	4	0	3	0	7	2
179	4	0	3	0	7	2
180	4	0	3	0	7	2
181	4	0	3	0	7	2
182	4	0	3	0	7	2
183	4	0	3	0	7	2
184	4	0	3	0	7	2
185	4	0	3	0	7	2
186	4	0	3	0	7	2
187	4	0	3	0	10	3
188	4	0	3	0	7	2
189	4	0	3	0	7	2
190	4	0	3	0	7	2
191	4	0	3	0	7	2
192	4	0	3	0	7	2
193	2	0	2	0	5	1
194	4	0	3	0	7	2
195	2	0	2	0	5	1
196	4	0	3	0	7	2
197	4	0	3	0	7	2
198	2	0	3	0	9	2
199	4	0	3	0	7	2
200	2	0	1	0	5	2
201	2	0	1	0	5	2
202	2	0	1	0	5	2
203	1	0	1	0	3	1
204	2	0	0	0	4	3
205	4	0	2	0	50	23
206	4	0	0	0	21	13
207	4	0	0	0	16	11
208	6	0	4	0	36	13
209	4	0	2	0	33	15
210	2	0	2	0	11	5
211	4	0	3	0	7	2
212	2	0	1	0	7	2
213	3	1	0	0	4	3
214	4	0	3	0	7	2
215	4	0	3	0	7	2
216	4	0	3	0	7	2
217	1	0	1	0	3	1
218	3	0	1	0	14	5
219	1	0	1	0	3	1
220	1	0	1	0	3	1
221	2	0	1	0	7	4
222	2	0	2	0	5	1
223	3	0	3	0	25	10
224	3	0	1	0	18	8
225	4	0	3	0	11	3
226	4	0	3	0	27	11
227	4	0	3	0	7	2
228	4	0	2	0	9	4
229	4	0	3	0	7	2
230	3	0	3	0	29	10
231	3	0	1	0	59	17
232	3	1	0	0	4	3
233	4	0	3	0	7	2
234	4	0	1	0	13	5
235	3	0	2	0	23	10
236	4	0	3	0	7	2
237	2	0	1	0	12	5
238	4	0	3	0	7	2
239	3	1	0	0	4	3
240	2	0	0	0	10	5
241	2	0	2	0	11	2
242	2	0	0	0	3	3
243	2	0	0	0	3	3
244	1	0	0	0	3	3
245	2	0	0	0	4	3
246	1	0	0	0	3	3
247	3	0	1	0	17	9
248	4	0	0	0	17	9
249	3	0	2	0	29	12
250	2	0	0	0	6	5
251	1	0	1	0	2	0
252	4	0	4	0	30	12
253	2	0	2	0	8	2
254	3	0	3	0	6	1
255	4	0	3	0	7	2
256	3	0	2	0	11	4
257	2	0	0	0	5	3
258	1	0	1	0	3	0
259	1	0	1	0	3	0
260	4	0	1	0	26	11
261	2	0	2	0	19	6
262	4	0	2	0	46	17
263	1	0	1	0	2	0
264	3	0	0	0	17	6
265	4	0	2	0	50	18
266	2	0	0	0	5	3
267	2	0	1	0	11	3
268	2	0	1	0	10	3
269	1	0	1	0	3	1
270	3	0	0	0	14	7
271	3	0	0	0	5	5
272	4	0	1	0	14	8
273	4	0	1	0	14	8
274	4	0	0	0	10	7
275	3	0	0	0	5	5
276	3	0	0	0	5	5
277	3	0	5	0	25	3
278	3	0	2	0	19	4
279	1	0	1	0	2	0
280	2	0	1	0	10	5
281	2	0	1	0	14	7
282	8	0	2	0	55	21
283	5	0	1	0	36	19
284	2	0	2	0	19	6
285	2	0	2	0	19	6
286	3	0	0	0	9	7
287	3	0	0	0	5	5
288	1	0	0	0	2	0
289	5	0	2	0	25	20
290	1	0	0	0	2	0
291	1	0	1	0	7	3
292	1	0	0	0	2	0
293	3	0	1	0	7	3
294	1	0	0	0	2	0
295	48	0	59	0	2097	714
296	2	0	2	0	8	5
297	11	0	2	0	33	21
298	10	1	6	0	54	16
299	5	0	1	0	20	12
300	1	1	0	0	1	0
301	5	1	3	0	25	11
302	9	1	3	0	79	29
303	2	0	2	0	9	2
304	3	0	2	0	8	6
305	6	0	4	0	56	22
306	6	0	4	0	24	10
307	3	0	5	0	12	1
308	5	0	3	0	21	9
309	4	2	10	0	44	6
310	6	1	0	0	10	4
311	3	0	4	0	14	3
312	5	0	9	0	36	8
313	20	0	18	0	274	86
314	4	0	3	0	17	1
315	9	0	1	0	52	18
316	7	1	1	0	24	9
317	11	1	5	0	77	28
318	13	2	4	0	87	30
319	5	1	4	0	69	18
320	9	1	5	0	152	45
321	8	2	0	0	14	6
322	7	2	0	0	11	1
323	9	1	3	0	15	6
324	11	1	2	0	30	8
325	6	2	2	0	13	3
326	6	2	3	0	16	4
327	7	2	0	0	7	4
328	10	0	12	0	131	49
329	6	0	3	0	54	17
330	9	1	1	0	16	7
331	14	1	4	0	166	30
332	15	0	4	0	96	39
333	10	1	0	0	64	26
334	7	0	2	0	16	7
335	2	0	1	0	6	4
336	9	0	7	0	29	9
337	5	0	6	0	20	7
338	2	0	2	0	22	9
339	21	0	16	0	252	70
340	2	0	0	0	4	3
341	6	1	0	0	23	17
342	3	1	2	0	5	0
343	9	1	0	0	40	10
344	8	0	3	0	72	28
345	1	0	0	0	7	4
346	3	1	2	0	5	0
347	10	0	7	0	124	43
348	14	2	1	0	41	15
349	18	0	23	0	559	178
350	3	1	0	0	5	2
351	12	0	27	0	330	79
352	2	0	1	0	9	3
353	1	0	1	0	6	1
354	1	0	2	0	5	0
355	4	0	2	0	21	9
356	1	0	3	0	10	0
357	1	0	2	0	8	0
358	5	1	3	0	18	5
359	5	1	2	0	16	5
360	5	1	3	0	24	9
361	5	1	1	0	16	8
362	3	1	1	0	9	3
363	5	1	2	0	33	10
364	4	0	2	0	25	14
365	1	0	1	0	3	0
366	1	0	1	0	3	0
367	1	0	1	0	3	0
368	2	1	1	0	5	1
369	3	0	2	0	14	3
370	3	0	1	0	6	2
371	5	1	1	0	19	7
372	5	1	1	0	10	6
373	1	0	1	0	2	0
374	2	1	1	0	5	1
375	1	0	1	0	2	0
376	5	1	2	0	25	8
377	2	1	1	0	5	1
378	6	1	5	0	70	26
379	4	1	2	0	29	5
380	21	3	4	0	128	39
381	3	1	2	0	6	1
382	7	0	2	0	24	10
383	159	0	0	1	835	213
