SourceLine	Name	ClosureSlot
50	mMenuOptions	vT[23]
246	UpdateUnclaimedClanReward	vT[70]
567	OnInboxSync	vT[70]
590	OnInboxClosed	vT[70]
600	OnLobbyReady	vT[70]
635	HandleIpadScaleIOS	vT[70]
675	GiveAcceptInviteFocus	vT[73]
679	RemoveInput	vT[73]
683	GiveFocus	vT[73]
689	SupportsThemes	vT[73]
758	OnStyleChangedCallback	vT[74]
1250	Shutdown	vT[78]
1572	TransitionOut	vT[83]
1598	GoBack	vT[84]
1664	LevelUpConfirm	vT[87]
1763	DbUpdateComplete	vT[89]
1771	DbUpdateCompleteQuitGame	vT[89]
1785	MainMenuConfirm_LeftSquad	vT[89]
2301	MainMenuConfirm	vT[90]
3211	OnGuildTierReduced	vT[97]
3313	ReduceGuildTierConfirm	vT[98]
3338	OnPaintBotLoaded	vT[98]
3537	RemovePaintBotConfirm	vT[103]
3711	LogOutConfirm	vT[113]
3878	ShowGlyphSelect	vT[120]
3978	TriggerConsole	vT[123]
4055	OnUpdateSessionSettings	vT[126]
4432	CheatMenuParamCallback	vT[131]
4441	OSKCheatMenuParamCallback	vT[131]
4471	OnJoinStalkerSessionComplete	vT[132]
4545	OnFindStalkerSessions	vT[132]
9150	OpenUpdateHistory	vT[145]
9256	OnTransitionFrameCompleted	vT[147]
9260	OnQueueMovieLoaded	vT[147]
9287	MovieLoaded	vT[147]
9995	DisableCloseWhenChildMovieIsDone	vT[149]
10721	TransitionAnims	vT[151]
11445	HideForBigPic	vT[156]
11468	MainMenuConfirmBasic	vT[156]
11477	StatusMovieLoaded	vT[156]
11595	CanShowYareliChallenges	vT[157]
11607	ShouldShowYareliChallenges	vT[157]
11616	EpisodeStatusLoaded	vT[157]
11735	FinishInitialize	vT[157]
12464	Initialize	vT[157]
12795	Update	vT[157]
12807	OnProfileOpened	vT[157]
12818	OnProfileClosed	vT[157]
12827	DebugEnableLevelUp	vT[157]
12852	onKeyUp_MENU_SELECT	vT[157]
12868	onKeyDown_MENU_CANCEL	vT[157]
12881	onKeyDown_SHOW_HELP	vT[157]
12901	MenuItemFocused	vT[157]
12918	MenuItemUnfocused	vT[157]
12943	MenuItemPressed	vT[157]
12960	MenuItemPressedDown	vT[157]
12972	MenuItemReleasedOutside	vT[157]
13010	ExitMenuReleaseCallback	vT[157]
13045	ForceClose	vT[158]
13052	Close	vT[158]
13059	OnLevelStreaming	vT[158]
13070	SkipDisableInputOnClose	vT[158]
13088	EndAvatarDrawOnTop	vT[158]
13097	HasChildMovie	vT[158]
13118	CloseChildMovie	vT[158]
13130	OpenChildMovie	vT[158]
13136	IsInputBlocked	vT[158]
13147	SetInputBlocked	vT[158]
13153	IsAttachedToAvatar	vT[158]
13183	OnGamepadTransition	vT[158]
13194	SetWasUIEnabled	vT[158]
13303	AutoSelectElement	vT[158]
13340	HideScreenForPlatPurchase	vT[158]
13446	onRawInputEvent	vT[158]
13456	MarketingHighlightMovieLoaded	vT[158]
13482	OnNewItemsChanged	vT[158]
