parent_proto	instruction	op	destination_register	operand_namespace	operand_index	target_proto	target_params	target_upvalues	target_maxstack	capture_count	captures	status
9	31	DUPCLOSURE	2	const	18	1	1	0	9	0		PASS
9	32	DUPCLOSURE	3	const	19	2	1	0	6	0		PASS
9	33	DUPCLOSURE	4	const	20	3	1	0	6	0		PASS
9	34	DUPCLOSURE	5	const	21	4	1	0	6	0		PASS
9	35	DUPCLOSURE	6	const	22	5	1	0	6	0		PASS
9	36	DUPCLOSURE	7	const	23	6	1	0	6	0		PASS
9	37	DUPCLOSURE	8	const	24	7	1	0	7	0		PASS
9	38	NEWCLOSURE	9	child	7	8	1	10	10	10	0=VAL:R2;1=VAL:R3;2=UPVAL:U0;3=UPVAL:U1;4=UPVAL:U2;5=VAL:R4;6=VAL:R5;7=VAL:R6;8=VAL:R7;9=VAL:R8	PASS
11	9	DUPCLOSURE	4	const	5	10	1	1	3	1	0=UPVAL:U1	PASS
24	8	NEWCLOSURE	2	child	0	23	1	1	3	1	0=UPVAL:U1	PASS
27	0	NEWCLOSURE	2	child	0	25	1	2	12	2	0=UPVAL:U0;1=VAL:R0	PASS
27	20	NEWCLOSURE	11	child	1	26	0	2	5	2	0=UPVAL:U0;1=VAL:R0	PASS
37	0	NEWCLOSURE	6	child	0	35	1	3	7	3	0=UPVAL:U0;1=VAL:R0;2=VAL:R1	PASS
37	19	NEWCLOSURE	15	child	1	36	0	1	1	1	0=VAL:R5	PASS
40	15	NEWCLOSURE	3	child	0	38	1	2	11	2	0=UPVAL:U2;1=REF:R0	PASS
40	43	DUPCLOSURE	4	const	19	39	0	1	2	1	0=UPVAL:U5	PASS
46	11	DUPCLOSURE	1	const	9	45	1	0	5	0		PASS
58	57	NEWCLOSURE	7	child	0	57	1	1	9	1	0=VAL:R2	PASS
60	1	DUPCLOSURE	1	const	2	59	0	3	14	3	0=UPVAL:U0;1=UPVAL:U1;2=UPVAL:U2	PASS
62	1	DUPCLOSURE	1	const	2	61	0	0	3	0		PASS
108	44	DUPCLOSURE	6	const	24	106	2	0	5	0		PASS
108	85	DUPCLOSURE	8	const	32	107	2	0	5	0		PASS
114	34	NEWCLOSURE	2	child	0	105	1	3	12	3	0=UPVAL:U2;1=REF:R0;2=UPVAL:U0	PASS
114	44	DUPCLOSURE	2	const	20	108	0	1	18	1	0=UPVAL:U0	PASS
114	48	DUPCLOSURE	2	const	22	109	0	0	4	0		PASS
114	51	NEWCLOSURE	2	child	3	110	0	2	8	2	0=UPVAL:U0;1=REF:R0	PASS
114	56	DUPCLOSURE	2	const	25	111	1	0	5	0		PASS
114	61	NEWCLOSURE	2	child	5	112	3	1	9	1	0=REF:R0	PASS
114	64	NEWCLOSURE	2	child	6	113	2	1	8	1	0=REF:R0	PASS
117	0	DUPCLOSURE	0	const	0	116	1	0	7	0		PASS
132	0	DUPCLOSURE	0	const	0	131	1	1	3	1	0=UPVAL:U0	PASS
295	319	NEWCLOSURE	18	child	0	138	0	4	3	4	0=UPVAL:U11;1=UPVAL:U0;2=UPVAL:U4;3=UPVAL:U12	PASS
295	327	NEWCLOSURE	18	child	1	139	1	1	2	1	0=UPVAL:U10	PASS
295	330	NEWCLOSURE	18	child	2	140	1	2	7	2	0=UPVAL:U10;1=UPVAL:U4	PASS
295	360	NEWCLOSURE	21	child	3	141	0	1	1	1	0=VAL:R6	PASS
295	369	NEWCLOSURE	22	child	4	142	0	4	4	4	0=UPVAL:U0;1=UPVAL:U17;2=UPVAL:U2;3=VAL:R6	PASS
295	381	NEWCLOSURE	23	child	5	143	0	4	4	4	0=UPVAL:U0;1=UPVAL:U2;2=UPVAL:U18;3=VAL:R6	PASS
295	395	NEWCLOSURE	24	child	6	144	0	2	4	2	0=UPVAL:U0;1=REF:R7	PASS
295	407	NEWCLOSURE	25	child	7	145	0	3	4	3	0=UPVAL:U1;1=UPVAL:U0;2=UPVAL:U2	PASS
295	419	NEWCLOSURE	26	child	8	146	0	4	4	4	0=UPVAL:U1;1=VAL:R5;2=UPVAL:U0;3=UPVAL:U2	PASS
295	431	NEWCLOSURE	27	child	9	147	0	4	4	4	0=UPVAL:U1;1=UPVAL:U0;2=UPVAL:U2;3=UPVAL:U4	PASS
295	443	NEWCLOSURE	28	child	10	148	0	1	2	1	0=UPVAL:U0	PASS
295	448	NEWCLOSURE	30	child	11	149	0	3	4	3	0=UPVAL:U1;1=UPVAL:U0;2=UPVAL:U2	PASS
295	454	NEWCLOSURE	31	child	12	150	0	3	4	3	0=UPVAL:U1;1=UPVAL:U0;2=UPVAL:U2	PASS
295	460	NEWCLOSURE	32	child	13	151	0	3	4	3	0=UPVAL:U1;1=UPVAL:U0;2=UPVAL:U2	PASS
295	466	NEWCLOSURE	33	child	14	152	0	3	4	3	0=UPVAL:U1;1=UPVAL:U0;2=UPVAL:U2	PASS
295	472	NEWCLOSURE	34	child	15	153	0	3	4	3	0=UPVAL:U1;1=UPVAL:U0;2=UPVAL:U2	PASS
295	478	NEWCLOSURE	35	child	16	154	0	3	4	3	0=UPVAL:U1;1=UPVAL:U0;2=UPVAL:U2	PASS
295	484	NEWCLOSURE	36	child	17	155	0	3	4	3	0=UPVAL:U1;1=UPVAL:U0;2=UPVAL:U2	PASS
295	490	NEWCLOSURE	37	child	18	156	0	3	4	3	0=UPVAL:U1;1=UPVAL:U0;2=UPVAL:U2	PASS
295	496	NEWCLOSURE	38	child	19	157	0	3	4	3	0=UPVAL:U1;1=UPVAL:U0;2=UPVAL:U2	PASS
295	509	NEWCLOSURE	29	child	20	158	0	2	2	2	0=UPVAL:U1;1=UPVAL:U0	PASS
295	515	NEWCLOSURE	31	child	21	159	0	1	2	1	0=UPVAL:U0	PASS
295	519	NEWCLOSURE	32	child	22	160	0	3	4	3	0=UPVAL:U1;1=UPVAL:U0;2=UPVAL:U2	PASS
295	525	NEWCLOSURE	33	child	23	161	0	3	4	3	0=UPVAL:U1;1=UPVAL:U0;2=UPVAL:U2	PASS
295	531	NEWCLOSURE	34	child	24	162	0	3	4	3	0=UPVAL:U1;1=UPVAL:U0;2=UPVAL:U2	PASS
295	537	NEWCLOSURE	35	child	25	163	0	3	4	3	0=UPVAL:U1;1=UPVAL:U0;2=UPVAL:U2	PASS
295	543	NEWCLOSURE	36	child	26	164	0	1	6	1	0=UPVAL:U0	PASS
295	553	NEWCLOSURE	37	child	27	165	1	2	3	2	0=UPVAL:U0;1=UPVAL:U1	PASS
295	557	NEWCLOSURE	37	child	28	166	0	4	4	4	0=UPVAL:U1;1=VAL:R0;2=UPVAL:U0;3=UPVAL:U2	PASS
295	564	NEWCLOSURE	38	child	29	167	0	3	4	3	0=UPVAL:U1;1=UPVAL:U0;2=UPVAL:U2	PASS
295	570	NEWCLOSURE	39	child	30	168	0	3	4	3	0=UPVAL:U1;1=UPVAL:U0;2=UPVAL:U2	PASS
295	576	NEWCLOSURE	40	child	31	169	0	3	4	3	0=UPVAL:U1;1=UPVAL:U0;2=UPVAL:U2	PASS
295	586	NEWCLOSURE	41	child	32	170	0	3	4	3	0=UPVAL:U1;1=UPVAL:U0;2=UPVAL:U2	PASS
295	596	NEWCLOSURE	42	child	33	171	0	3	4	3	0=UPVAL:U1;1=UPVAL:U0;2=UPVAL:U2	PASS
295	606	NEWCLOSURE	43	child	34	172	0	3	4	3	0=UPVAL:U1;1=UPVAL:U0;2=UPVAL:U2	PASS
295	624	NEWCLOSURE	44	child	35	173	0	3	4	3	0=UPVAL:U1;1=UPVAL:U0;2=UPVAL:U2	PASS
295	634	NEWCLOSURE	45	child	36	174	0	3	4	3	0=UPVAL:U1;1=UPVAL:U0;2=UPVAL:U2	PASS
295	640	NEWCLOSURE	46	child	37	175	0	3	4	3	0=UPVAL:U1;1=UPVAL:U0;2=UPVAL:U2	PASS
295	651	NEWCLOSURE	31	child	38	176	0	3	4	3	0=UPVAL:U1;1=UPVAL:U0;2=UPVAL:U2	PASS
295	657	NEWCLOSURE	32	child	39	177	0	3	4	3	0=UPVAL:U1;1=UPVAL:U0;2=UPVAL:U2	PASS
295	663	NEWCLOSURE	33	child	40	178	0	3	4	3	0=UPVAL:U1;1=UPVAL:U0;2=UPVAL:U2	PASS
295	669	NEWCLOSURE	34	child	41	179	0	3	4	3	0=UPVAL:U1;1=UPVAL:U0;2=UPVAL:U2	PASS
295	675	NEWCLOSURE	35	child	42	180	0	3	4	3	0=UPVAL:U1;1=UPVAL:U0;2=UPVAL:U2	PASS
295	682	NEWCLOSURE	36	child	43	181	0	3	4	3	0=UPVAL:U1;1=UPVAL:U0;2=UPVAL:U2	PASS
295	688	NEWCLOSURE	37	child	44	182	0	3	4	3	0=UPVAL:U1;1=UPVAL:U0;2=UPVAL:U2	PASS
295	694	NEWCLOSURE	38	child	45	183	0	3	4	3	0=UPVAL:U1;1=UPVAL:U0;2=UPVAL:U2	PASS
295	700	NEWCLOSURE	39	child	46	184	0	3	4	3	0=UPVAL:U1;1=UPVAL:U0;2=UPVAL:U2	PASS
295	706	NEWCLOSURE	40	child	47	185	0	3	4	3	0=UPVAL:U1;1=UPVAL:U0;2=UPVAL:U2	PASS
295	712	NEWCLOSURE	41	child	48	186	0	3	4	3	0=UPVAL:U1;1=UPVAL:U0;2=UPVAL:U2	PASS
295	718	NEWCLOSURE	42	child	49	187	0	3	4	3	0=UPVAL:U1;1=UPVAL:U0;2=UPVAL:U2	PASS
295	724	NEWCLOSURE	43	child	50	188	0	3	4	3	0=UPVAL:U1;1=UPVAL:U0;2=UPVAL:U2	PASS
295	730	NEWCLOSURE	44	child	51	189	0	3	4	3	0=UPVAL:U1;1=UPVAL:U0;2=UPVAL:U2	PASS
295	736	NEWCLOSURE	45	child	52	190	0	3	4	3	0=UPVAL:U1;1=UPVAL:U0;2=UPVAL:U2	PASS
295	742	NEWCLOSURE	46	child	53	191	0	3	4	3	0=UPVAL:U1;1=UPVAL:U0;2=UPVAL:U2	PASS
295	749	NEWCLOSURE	46	child	54	192	0	3	4	3	0=UPVAL:U1;1=UPVAL:U0;2=UPVAL:U2	PASS
295	762	NEWCLOSURE	30	child	55	193	0	2	2	2	0=UPVAL:U1;1=UPVAL:U0	PASS
295	774	NEWCLOSURE	38	child	56	194	0	3	4	3	0=UPVAL:U1;1=UPVAL:U0;2=UPVAL:U2	PASS
295	787	NEWCLOSURE	31	child	57	195	0	2	2	2	0=UPVAL:U1;1=UPVAL:U0	PASS
295	797	NEWCLOSURE	37	child	58	196	0	3	4	3	0=UPVAL:U1;1=UPVAL:U0;2=UPVAL:U2	PASS
295	803	NEWCLOSURE	38	child	59	197	0	3	4	3	0=UPVAL:U1;1=UPVAL:U0;2=UPVAL:U2	PASS
295	816	NEWCLOSURE	32	child	60	198	0	3	2	3	0=UPVAL:U1;1=UPVAL:U0;2=UPVAL:U4	PASS
295	823	NEWCLOSURE	34	child	61	199	0	3	4	3	0=UPVAL:U1;1=UPVAL:U0;2=UPVAL:U2	PASS
295	840	DUPCLOSURE	38	const	398	200	0	1	2	1	0=UPVAL:U3	PASS
295	856	DUPCLOSURE	39	const	403	201	0	1	2	1	0=UPVAL:U3	PASS
295	872	DUPCLOSURE	40	const	408	202	0	1	2	1	0=UPVAL:U3	PASS
295	900	NEWCLOSURE	33	child	65	203	0	1	1	1	0=UPVAL:U0	PASS
295	903	DUPCLOSURE	33	const	413	204	0	0	2	0		PASS
295	912	NEWCLOSURE	18	child	67	205	0	2	4	2	0=REF:R4;1=UPVAL:U0	PASS
295	922	DUPCLOSURE	19	const	423	206	0	0	4	0		PASS
295	930	DUPCLOSURE	20	const	426	207	0	0	4	0		PASS
295	954	NEWCLOSURE	23	child	70	208	0	4	6	4	0=REF:R4;1=UPVAL:U0;2=UPVAL:U1;3=UPVAL:U2	PASS
295	966	NEWCLOSURE	24	child	71	209	0	2	4	2	0=REF:R4;1=UPVAL:U0	PASS
295	978	NEWCLOSURE	25	child	72	210	0	2	2	2	0=UPVAL:U0;1=UPVAL:U4	PASS
295	988	NEWCLOSURE	26	child	73	211	0	3	4	3	0=UPVAL:U1;1=UPVAL:U0;2=UPVAL:U2	PASS
295	999	NEWCLOSURE	27	child	74	212	0	1	2	1	0=UPVAL:U0	PASS
295	1008	DUPCLOSURE	28	const	444	213	1	0	3	0		PASS
295	1010	NEWCLOSURE	28	child	76	214	0	3	4	3	0=UPVAL:U1;1=UPVAL:U0;2=UPVAL:U2	PASS
295	1031	NEWCLOSURE	30	child	77	215	0	3	4	3	0=UPVAL:U1;1=UPVAL:U0;2=UPVAL:U2	PASS
295	1044	NEWCLOSURE	31	child	78	216	0	3	4	3	0=UPVAL:U1;1=UPVAL:U0;2=UPVAL:U2	PASS
295	1055	NEWCLOSURE	32	child	79	217	0	1	1	1	0=UPVAL:U0	PASS
295	1066	DUPCLOSURE	33	const	463	218	0	1	3	1	0=UPVAL:U4	PASS
295	1075	NEWCLOSURE	34	child	81	219	0	1	1	1	0=UPVAL:U0	PASS
295	1086	NEWCLOSURE	35	child	82	220	0	1	1	1	0=UPVAL:U0	PASS
295	1097	NEWCLOSURE	36	child	83	221	0	1	2	1	0=UPVAL:U0	PASS
295	1146	NEWCLOSURE	37	child	84	222	0	2	2	2	0=UPVAL:U1;1=UPVAL:U0	PASS
295	1152	NEWCLOSURE	21	child	85	223	0	3	3	3	0=UPVAL:U1;1=UPVAL:U0;2=UPVAL:U2	PASS
295	1165	NEWCLOSURE	22	child	86	224	0	1	3	1	0=UPVAL:U0	PASS
295	1181	NEWCLOSURE	23	child	87	225	0	3	4	3	0=UPVAL:U0;1=UPVAL:U1;2=UPVAL:U2	PASS
295	1192	NEWCLOSURE	24	child	88	226	0	3	4	3	0=UPVAL:U1;1=UPVAL:U0;2=UPVAL:U2	PASS
295	1222	NEWCLOSURE	27	child	89	227	0	3	4	3	0=UPVAL:U1;1=UPVAL:U0;2=UPVAL:U2	PASS
295	1239	DUPCLOSURE	28	const	502	228	0	2	4	2	0=UPVAL:U3;1=UPVAL:U1	PASS
295	1243	NEWCLOSURE	28	child	91	229	0	3	4	3	0=UPVAL:U1;1=UPVAL:U0;2=UPVAL:U2	PASS
295	1262	NEWCLOSURE	25	child	92	230	0	3	3	3	0=UPVAL:U1;1=UPVAL:U0;2=VAL:R6	PASS
295	1273	NEWCLOSURE	26	child	93	231	0	1	3	1	0=UPVAL:U0	PASS
295	1276	DUPCLOSURE	26	const	511	232	1	0	3	0		PASS
295	1295	NEWCLOSURE	29	child	95	233	0	3	4	3	0=UPVAL:U1;1=UPVAL:U0;2=UPVAL:U2	PASS
295	1306	DUPCLOSURE	30	const	520	234	0	1	4	1	0=UPVAL:U3	PASS
295	1319	NEWCLOSURE	27	child	97	235	0	2	3	2	0=UPVAL:U1;1=UPVAL:U0	PASS
295	1331	NEWCLOSURE	28	child	98	236	0	3	4	3	0=UPVAL:U1;1=UPVAL:U0;2=UPVAL:U2	PASS
295	1342	NEWCLOSURE	29	child	99	237	0	1	2	1	0=UPVAL:U0	PASS
295	1364	NEWCLOSURE	32	child	100	238	0	3	4	3	0=UPVAL:U1;1=UPVAL:U0;2=UPVAL:U2	PASS
295	1369	DUPCLOSURE	32	const	536	239	1	0	3	0		PASS
295	1383	DUPCLOSURE	33	const	542	240	0	0	2	0		PASS
295	1391	NEWCLOSURE	34	child	103	241	0	2	2	2	0=UPVAL:U0;1=UPVAL:U25	PASS
295	1403	DUPCLOSURE	35	const	551	242	0	0	2	0		PASS
295	1415	DUPCLOSURE	36	const	555	243	0	0	2	0		PASS
295	1436	DUPCLOSURE	38	const	563	244	0	0	1	0		PASS
295	1448	DUPCLOSURE	39	const	567	245	0	0	2	0		PASS
295	1460	DUPCLOSURE	40	const	571	246	0	0	1	0		PASS
295	1470	DUPCLOSURE	41	const	575	247	0	1	3	1	0=UPVAL:U31	PASS
295	1487	DUPCLOSURE	42	const	579	248	0	0	4	0		PASS
295	1493	NEWCLOSURE	30	child	111	249	0	2	3	2	0=UPVAL:U1;1=UPVAL:U0	PASS
295	1509	DUPCLOSURE	31	const	584	250	0	0	2	0		PASS
295	1519	NEWCLOSURE	32	child	113	251	0	1	1	1	0=VAL:R6	PASS
295	1528	NEWCLOSURE	33	child	114	252	0	4	4	4	0=UPVAL:U0;1=UPVAL:U17;2=UPVAL:U2;3=VAL:R6	PASS
295	1545	NEWCLOSURE	18	child	115	253	0	2	2	2	0=UPVAL:U35;1=UPVAL:U0	PASS
295	1555	NEWCLOSURE	19	child	116	254	0	3	3	3	0=UPVAL:U1;1=UPVAL:U0;2=UPVAL:U2	PASS
295	1567	NEWCLOSURE	21	child	117	255	0	3	4	3	0=UPVAL:U1;1=UPVAL:U0;2=UPVAL:U2	PASS
295	1580	NEWCLOSURE	22	child	118	256	0	2	3	2	0=UPVAL:U1;1=UPVAL:U2	PASS
295	1592	DUPCLOSURE	23	const	603	257	0	0	2	0		PASS
295	1602	DUPCLOSURE	24	const	607	258	0	1	1	1	0=UPVAL:U38	PASS
295	1613	DUPCLOSURE	25	const	610	259	0	1	1	1	0=UPVAL:U40	PASS
295	1651	NEWCLOSURE	20	child	122	260	0	1	4	1	0=UPVAL:U0	PASS
295	1670	DUPCLOSURE	21	const	622	261	0	2	2	2	0=UPVAL:U4;1=UPVAL:U44	PASS
295	1704	NEWCLOSURE	22	child	124	262	0	2	4	2	0=UPVAL:U0;1=UPVAL:U17	PASS
295	1719	NEWCLOSURE	24	child	125	263	0	1	1	1	0=REF:R12	PASS
295	1731	DUPCLOSURE	25	const	635	264	0	0	3	0		PASS
295	1741	NEWCLOSURE	23	child	127	265	0	2	4	2	0=UPVAL:U0;1=VAL:R6	PASS
295	1753	DUPCLOSURE	24	const	639	266	0	0	2	0		PASS
295	1763	NEWCLOSURE	25	child	129	267	0	1	2	1	0=UPVAL:U0	PASS
295	1774	NEWCLOSURE	26	child	130	268	0	1	2	1	0=UPVAL:U0	PASS
295	1785	NEWCLOSURE	27	child	131	269	0	1	1	1	0=UPVAL:U0	PASS
295	1796	DUPCLOSURE	28	const	652	270	0	0	3	0		PASS
295	1806	DUPCLOSURE	29	const	655	271	0	0	3	0		PASS
295	1816	NEWCLOSURE	30	child	134	272	0	1	4	1	0=REF:R13	PASS
295	1844	NEWCLOSURE	31	child	135	273	0	1	4	1	0=REF:R13	PASS
295	1855	DUPCLOSURE	32	const	666	274	0	0	4	0		PASS
295	1865	DUPCLOSURE	33	const	669	275	0	0	3	0		PASS
295	1876	DUPCLOSURE	18	const	671	276	0	0	3	0		PASS
295	1891	NEWCLOSURE	19	child	139	277	0	5	3	5	0=UPVAL:U51;1=UPVAL:U52;2=UPVAL:U0;3=UPVAL:U7;4=UPVAL:U4	PASS
295	1905	NEWCLOSURE	20	child	140	278	0	2	3	2	0=UPVAL:U0;1=UPVAL:U52	PASS
295	1920	NEWCLOSURE	22	child	141	279	0	1	1	1	0=REF:R12	PASS
295	1942	DUPCLOSURE	21	const	678	280	0	1	2	1	0=UPVAL:U52	PASS
295	1953	NEWCLOSURE	22	child	143	281	0	1	2	1	0=UPVAL:U0	PASS
295	1964	NEWCLOSURE	23	child	144	282	0	2	8	2	0=UPVAL:U0;1=UPVAL:U4	PASS
295	1976	DUPCLOSURE	24	const	679	283	0	1	5	1	0=UPVAL:U4	PASS
295	1989	DUPCLOSURE	25	const	682	284	0	2	2	2	0=UPVAL:U4;1=UPVAL:U44	PASS
295	1994	DUPCLOSURE	26	const	686	285	0	2	2	2	0=UPVAL:U4;1=UPVAL:U44	PASS
295	2010	DUPCLOSURE	27	const	692	286	0	0	3	0		PASS
295	2012	DUPCLOSURE	27	const	693	287	0	0	3	0		PASS
295	2034	DUPCLOSURE	28	const	700	288	0	0	1	0		PASS
295	2036	DUPCLOSURE	28	const	701	289	0	2	5	2	0=UPVAL:U4;1=UPVAL:U56	PASS
295	2052	DUPCLOSURE	29	const	704	290	0	0	1	0		PASS
295	2054	DUPCLOSURE	29	const	705	291	0	1	1	1	0=UPVAL:U56	PASS
295	2069	DUPCLOSURE	30	const	708	292	0	0	1	0		PASS
295	2071	DUPCLOSURE	30	const	709	293	0	1	3	1	0=UPVAL:U56	PASS
295	2088	DUPCLOSURE	33	const	712	294	0	0	1	0		PASS
309	3	NEWCLOSURE	2	child	0	303	0	2	2	2	0=VAL:R0;1=UPVAL:U0	PASS
309	8	NEWCLOSURE	2	child	1	304	0	2	3	2	0=VAL:R1;1=UPVAL:U1	PASS
309	14	NEWCLOSURE	2	child	2	305	0	4	6	4	0=UPVAL:U2;1=VAL:R0;2=UPVAL:U3;3=UPVAL:U0	PASS
309	22	NEWCLOSURE	2	child	3	306	0	4	6	4	0=VAL:R0;1=UPVAL:U4;2=UPVAL:U5;3=UPVAL:U0	PASS
309	30	NEWCLOSURE	2	child	4	307	0	5	3	5	0=UPVAL:U0;1=VAL:R0;2=UPVAL:U6;3=UPVAL:U7;4=UPVAL:U8	PASS
309	39	NEWCLOSURE	2	child	5	308	0	3	5	3	0=VAL:R0;1=UPVAL:U9;2=UPVAL:U0	PASS
312	5	DUPCLOSURE	2	const	1	310	1	0	6	0		PASS
312	14	NEWCLOSURE	3	child	1	311	0	4	3	4	0=UPVAL:U5;1=UPVAL:U6;2=UPVAL:U4;3=UPVAL:U3	PASS
313	216	NEWCLOSURE	7	child	0	312	0	9	5	9	0=UPVAL:U1;1=UPVAL:U10;2=UPVAL:U9;3=UPVAL:U11;4=UPVAL:U12;5=UPVAL:U13;6=UPVAL:U14;7=VAL:R3;8=VAL:R4	PASS
324	11	NEWCLOSURE	3	child	0	323	1	3	9	3	0=VAL:R0;1=VAL:R1;2=VAL:R2	PASS
325	7	NEWCLOSURE	5	child	0	324	1	2	11	2	0=UPVAL:U1;1=VAL:R2	PASS
328	73	DUPCLOSURE	2	const	34	316	1	1	7	1	0=UPVAL:U4	PASS
328	77	NEWCLOSURE	2	child	1	317	1	5	11	5	0=UPVAL:U4;1=UPVAL:U5;2=UPVAL:U6;3=UPVAL:U7;4=UPVAL:U1	PASS
328	85	NEWCLOSURE	2	child	2	318	2	4	13	4	0=UPVAL:U4;1=UPVAL:U5;2=UPVAL:U7;3=UPVAL:U1	PASS
328	92	NEWCLOSURE	2	child	3	319	1	4	5	4	0=UPVAL:U1;1=UPVAL:U4;2=UPVAL:U8;3=UPVAL:U9	PASS
328	99	NEWCLOSURE	2	child	4	320	1	5	9	5	0=UPVAL:U5;1=UPVAL:U1;2=UPVAL:U10;3=UPVAL:U4;4=UPVAL:U11	PASS
328	107	DUPCLOSURE	2	const	40	321	2	0	8	0		PASS
328	110	DUPCLOSURE	2	const	42	322	2	0	7	0		PASS
328	113	NEWCLOSURE	2	child	7	325	2	2	6	2	0=UPVAL:U4;1=UPVAL:U1	PASS
328	122	NEWCLOSURE	2	child	8	326	2	3	6	3	0=UPVAL:U1;1=UPVAL:U6;2=UPVAL:U7	PASS
328	128	DUPCLOSURE	2	const	47	327	2	0	7	0		PASS
336	18	NEWCLOSURE	8	child	0	334	0	2	7	2	0=UPVAL:U3;1=UPVAL:U4	PASS
336	24	DUPCLOSURE	3	const	7	335	0	1	2	1	0=UPVAL:U6	PASS
337	6	DUPCLOSURE	0	const	4	333	1	0	10	0		PASS
337	9	NEWCLOSURE	4	child	1	336	0	7	9	7	0=UPVAL:U1;1=UPVAL:U2;2=VAL:R0;3=UPVAL:U3;4=UPVAL:U4;5=UPVAL:U0;6=UPVAL:U5	PASS
339	155	NEWCLOSURE	4	child	0	338	0	2	2	2	0=UPVAL:U6;1=UPVAL:U10	PASS
349	288	NEWCLOSURE	2	child	0	348	2	1	14	1	0=UPVAL:U15	PASS
351	306	DUPCLOSURE	7	const	71	350	1	0	3	0		PASS
383	124	DUPCLOSURE	70	const	49	0	3	3	17	3	0=VAL:R7;1=VAL:R1;2=VAL:R2	PASS
383	129	NEWCLOSURE	70	child	1	9	1	5	16	5	0=VAL:R1;1=REF:R65;2=VAL:R11;3=VAL:R5;4=VAL:R28	PASS
383	136	NEWCLOSURE	70	child	2	11	2	2	5	2	0=REF:R22;1=VAL:R69	PASS
383	140	DUPCLOSURE	70	const	53	12	2	1	4	1	0=VAL:R28	PASS
383	143	DUPCLOSURE	70	const	55	13	1	0	3	0		PASS
383	145	DUPCLOSURE	70	const	57	14	0	2	6	2	0=VAL:R69;1=VAL:R5	PASS
383	149	DUPCLOSURE	70	const	59	15	0	0	4	0		PASS
383	150	DUPCLOSURE	71	const	60	16	0	1	1	1	0=VAL:R4	PASS
383	152	DUPCLOSURE	72	const	61	17	0	0	4	0		PASS
383	153	DUPCLOSURE	73	const	62	18	0	0	0	0		PASS
383	155	DUPCLOSURE	73	const	64	19	0	0	0	0		PASS
383	157	DUPCLOSURE	73	const	66	20	1	0	1	0		PASS
383	159	DUPCLOSURE	73	const	68	21	0	0	1	0		PASS
383	161	DUPCLOSURE	73	const	70	22	0	3	5	3	0=VAL:R47;1=VAL:R2;2=VAL:R0	PASS
383	165	NEWCLOSURE	74	child	14	24	0	2	3	2	0=VAL:R73;1=REF:R22	PASS
383	169	NEWCLOSURE	74	child	15	27	2	2	13	2	0=REF:R59;1=VAL:R0	PASS
383	172	DUPCLOSURE	75	const	72	28	0	1	3	1	0=VAL:R0	PASS
383	174	NEWCLOSURE	76	child	17	29	0	2	3	2	0=REF:R54;1=VAL:R1	PASS
383	177	NEWCLOSURE	77	child	18	30	1	2	9	2	0=REF:R19;1=VAL:R0	PASS
383	180	NEWCLOSURE	78	child	19	31	0	29	8	29	0=VAL:R5;1=REF:R50;2=REF:R48;3=VAL:R35;4=REF:R45;5=VAL:R74;6=REF:R25;7=REF:R24;8=VAL:R76;9=REF:R51;10=REF:R26;11=VAL:R0;12=REF:R60;13=REF:R61;14=VAL:R7;15=REF:R62;16=REF:R32;17=REF:R33;18=REF:R41;19=VAL:R1;20=REF:R19;21=REF:R15;22=REF:R17;23=REF:R18;24=REF:R12;25=VAL:R69;26=VAL:R28;27=REF:R40;28=REF:R63	PASS
383	211	NEWCLOSURE	78	child	20	32	0	2	4	2	0=REF:R51;1=REF:R24	PASS
383	214	NEWCLOSURE	79	child	21	33	1	6	5	6	0=REF:R13;1=REF:R24;2=VAL:R78;3=REF:R60;4=VAL:R76;5=REF:R25	PASS
383	221	NEWCLOSURE	80	child	22	34	0	2	1	2	0=REF:R26;1=VAL:R79	PASS
383	224	DUPCLOSURE	81	const	74	37	6	1	16	1	0=VAL:R36	PASS
383	226	NEWCLOSURE	82	child	24	40	0	13	10	13	0=VAL:R0;1=REF:R13;2=REF:R22;3=VAL:R35;4=REF:R27;5=VAL:R74;6=VAL:R36;7=VAL:R81;8=VAL:R37;9=VAL:R79;10=REF:R68;11=REF:R15;12=REF:R17	PASS
383	240	DUPCLOSURE	83	const	75	41	0	1	1	1	0=VAL:R82	PASS
383	243	NEWCLOSURE	83	child	26	42	0	2	4	2	0=REF:R29;1=VAL:R82	PASS
383	246	DUPCLOSURE	84	const	77	43	0	1	1	1	0=VAL:R83	PASS
383	249	DUPCLOSURE	84	const	79	44	0	1	2	1	0=VAL:R83	PASS
383	251	NEWCLOSURE	85	child	29	46	0	1	4	1	0=REF:R15	PASS
383	253	DUPCLOSURE	86	const	80	47	1	0	5	0		PASS
383	254	DUPCLOSURE	87	const	81	48	1	1	3	1	0=VAL:R86	PASS
383	257	DUPCLOSURE	87	const	83	49	0	1	1	1	0=VAL:R83	PASS
383	259	DUPCLOSURE	88	const	84	50	0	1	2	1	0=VAL:R83	PASS
383	261	DUPCLOSURE	89	const	85	51	2	1	14	1	0=VAL:R88	PASS
383	264	DUPCLOSURE	89	const	87	52	0	0	3	0		PASS
383	266	DUPCLOSURE	89	const	89	53	0	1	4	1	0=VAL:R88	PASS
383	269	DUPCLOSURE	89	const	91	54	0	0	4	0		PASS
383	270	NEWCLOSURE	90	child	38	55	1	6	9	6	0=VAL:R1;1=VAL:R83;2=VAL:R88;3=REF:R15;4=VAL:R0;5=VAL:R89	PASS
383	278	DUPCLOSURE	90	const	93	56	0	3	8	3	0=VAL:R3;1=VAL:R1;2=VAL:R8	PASS
383	282	NEWCLOSURE	91	child	40	58	1	6	9	6	0=VAL:R79;1=REF:R23;2=VAL:R1;3=REF:R49;4=REF:R15;5=VAL:R0	PASS
383	289	DUPCLOSURE	92	const	94	60	0	4	2	4	0=VAL:R6;1=VAL:R1;2=VAL:R9;3=VAL:R91	PASS
383	294	DUPCLOSURE	93	const	95	62	0	1	2	1	0=VAL:R91	PASS
383	296	DUPCLOSURE	94	const	96	63	0	1	3	1	0=VAL:R93	PASS
383	298	DUPCLOSURE	95	const	97	64	0	1	3	1	0=VAL:R91	PASS
383	300	DUPCLOSURE	96	const	98	65	3	1	13	1	0=VAL:R0	PASS
383	302	DUPCLOSURE	97	const	99	66	2	1	6	1	0=VAL:R96	PASS
383	305	DUPCLOSURE	97	const	101	67	0	3	8	3	0=VAL:R1;1=VAL:R96;2=VAL:R0	PASS
383	309	DUPCLOSURE	98	const	102	68	1	0	6	0		PASS
383	311	NEWCLOSURE	98	child	49	69	2	3	5	3	0=REF:R61;1=REF:R62;2=VAL:R84	PASS
383	316	NEWCLOSURE	98	child	50	70	0	1	11	1	0=REF:R24	PASS
383	318	NEWCLOSURE	99	child	51	71	0	2	6	2	0=REF:R24;1=VAL:R98	PASS
383	321	DUPCLOSURE	100	const	105	72	0	1	3	1	0=VAL:R98	PASS
383	323	NEWCLOSURE	101	child	53	73	0	3	7	3	0=REF:R24;1=VAL:R1;2=VAL:R0	PASS
383	327	DUPCLOSURE	102	const	106	74	1	1	3	1	0=VAL:R0	PASS
383	329	NEWCLOSURE	103	child	55	75	1	5	10	5	0=REF:R24;1=VAL:R98;2=VAL:R102;3=VAL:R0;4=VAL:R84	PASS
383	336	NEWCLOSURE	103	child	56	76	0	3	6	3	0=REF:R24;1=VAL:R1;2=VAL:R0	PASS
383	340	NEWCLOSURE	104	child	57	77	1	2	4	2	0=REF:R61;1=VAL:R84	PASS
383	343	DUPCLOSURE	105	const	108	78	0	1	2	1	0=VAL:R104	PASS
383	345	DUPCLOSURE	106	const	109	79	0	1	2	1	0=VAL:R104	PASS
383	347	DUPCLOSURE	107	const	110	80	0	1	2	1	0=VAL:R84	PASS
383	349	NEWCLOSURE	108	child	61	81	0	1	4	1	0=REF:R15	PASS
383	351	NEWCLOSURE	109	child	62	82	1	4	7	4	0=VAL:R75;1=VAL:R84;2=REF:R15;3=VAL:R108	PASS
383	356	DUPCLOSURE	110	const	111	83	0	1	2	1	0=VAL:R109	PASS
383	358	DUPCLOSURE	111	const	112	84	0	1	2	1	0=VAL:R109	PASS
383	360	DUPCLOSURE	112	const	113	85	0	0	4	0		PASS
383	361	DUPCLOSURE	113	const	114	86	1	1	6	1	0=VAL:R79	PASS
383	364	NEWCLOSURE	113	child	67	87	2	2	9	2	0=REF:R15;1=VAL:R0	PASS
383	367	DUPCLOSURE	114	const	116	88	0	1	3	1	0=VAL:R113	PASS
383	369	DUPCLOSURE	115	const	117	89	0	1	2	1	0=VAL:R0	PASS
383	371	DUPCLOSURE	116	const	118	90	0	1	3	1	0=VAL:R113	PASS
383	373	DUPCLOSURE	117	const	119	91	0	0	4	0		PASS
383	374	DUPCLOSURE	118	const	120	92	0	1	2	1	0=VAL:R79	PASS
383	376	DUPCLOSURE	119	const	121	93	0	1	4	1	0=VAL:R5	PASS
383	378	DUPCLOSURE	120	const	122	94	0	1	1	1	0=VAL:R119	PASS
383	381	NEWCLOSURE	120	child	75	95	1	3	6	3	0=VAL:R0;1=REF:R23;2=VAL:R120	PASS
383	385	DUPCLOSURE	121	const	124	96	2	1	10	1	0=VAL:R121	PASS
383	387	NEWCLOSURE	122	child	77	97	0	1	4	1	0=REF:R30	PASS
383	389	DUPCLOSURE	123	const	125	98	1	3	4	3	0=VAL:R7;1=VAL:R64;2=VAL:R80	PASS
383	394	DUPCLOSURE	123	const	127	99	0	1	1	1	0=VAL:R0	PASS
383	396	NEWCLOSURE	124	child	80	100	0	3	6	3	0=VAL:R1;1=REF:R15;2=VAL:R0	PASS
383	400	DUPCLOSURE	125	const	128	101	0	0	8	0		PASS
383	401	DUPCLOSURE	126	const	129	102	0	0	0	0		PASS
383	403	DUPCLOSURE	126	const	131	103	0	1	3	1	0=VAL:R7	PASS
383	405	DUPCLOSURE	127	const	132	104	0	1	3	1	0=VAL:R7	PASS
383	407	NEWCLOSURE	128	child	85	114	0	3	6	3	0=VAL:R1;1=VAL:R70;2=REF:R13	PASS
383	411	DUPCLOSURE	129	const	133	118	0	0	0	0		PASS
383	412	DUPCLOSURE	130	const	134	119	1	0	8	0		PASS
383	413	DUPCLOSURE	131	const	135	120	1	1	3	1	0=VAL:R130	PASS
383	416	DUPCLOSURE	131	const	137	121	2	1	4	1	0=VAL:R130	PASS
383	419	DUPCLOSURE	131	const	139	122	1	1	5	1	0=VAL:R0	PASS
383	421	DUPCLOSURE	132	const	140	123	1	1	3	1	0=VAL:R131	PASS
383	424	DUPCLOSURE	132	const	142	124	1	3	12	3	0=VAL:R1;1=VAL:R3;2=VAL:R131	PASS
383	429	DUPCLOSURE	132	const	144	125	0	1	10	1	0=VAL:R1	PASS
383	431	NEWCLOSURE	133	child	94	126	1	3	5	3	0=REF:R23;1=VAL:R1;2=REF:R24	PASS
383	435	DUPCLOSURE	134	const	145	127	0	0	5	0		PASS
383	436	NEWCLOSURE	135	child	96	128	0	1	6	1	0=REF:R17	PASS
383	438	DUPCLOSURE	136	const	146	129	0	1	2	1	0=VAL:R135	PASS
383	440	DUPCLOSURE	137	const	147	130	0	1	1	1	0=VAL:R83	PASS
383	442	NEWCLOSURE	138	child	99	132	0	3	4	3	0=VAL:R83;1=REF:R15;2=VAL:R0	PASS
383	446	DUPCLOSURE	139	const	148	133	0	1	4	1	0=VAL:R1	PASS
383	448	DUPCLOSURE	140	const	149	134	0	0	1	0		PASS
383	449	DUPCLOSURE	141	const	150	135	0	1	5	1	0=VAL:R139	PASS
383	451	DUPCLOSURE	142	const	151	136	0	0	4	0		PASS
383	452	DUPCLOSURE	143	const	152	137	0	2	8	2	0=VAL:R5;1=VAL:R0	PASS
383	455	NEWCLOSURE	144	child	105	295	0	59	48	59	0=REF:R65;1=VAL:R7;2=REF:R24;3=VAL:R0;4=VAL:R1;5=VAL:R140;6=VAL:R142;7=REF:R23;8=REF:R49;9=VAL:R132;10=REF:R21;11=REF:R20;12=VAL:R67;13=VAL:R85;14=VAL:R136;15=VAL:R87;16=VAL:R137;17=REF:R31;18=VAL:R141;19=VAL:R124;20=VAL:R105;21=VAL:R111;22=VAL:R110;23=VAL:R126;24=VAL:R127;25=VAL:R125;26=VAL:R119;27=VAL:R143;28=VAL:R115;29=VAL:R116;30=VAL:R114;31=VAL:R58;32=VAL:R117;33=VAL:R118;34=VAL:R138;35=VAL:R5;36=VAL:R106;37=VAL:R107;38=VAL:R99;39=VAL:R101;40=VAL:R100;41=VAL:R103;42=VAL:R97;43=VAL:R128;44=VAL:R70;45=VAL:R92;46=VAL:R93;47=VAL:R91;48=VAL:R90;49=VAL:R95;50=VAL:R94;51=VAL:R134;52=VAL:R139;53=VAL:R112;54=VAL:R71;55=VAL:R72;56=VAL:R83;57=VAL:R129;58=VAL:R120	PASS
383	515	NEWCLOSURE	145	child	106	296	0	2	2	2	0=REF:R63;1=VAL:R84	PASS
383	519	DUPCLOSURE	145	const	154	297	0	2	11	2	0=VAL:R0;1=VAL:R83	PASS
383	522	NEWCLOSURE	146	child	108	298	1	6	10	6	0=REF:R22;1=REF:R43;2=REF:R42;3=REF:R38;4=VAL:R36;5=VAL:R81	PASS
383	529	DUPCLOSURE	147	const	155	299	0	1	5	1	0=VAL:R0	PASS
383	532	DUPCLOSURE	147	const	157	300	1	0	1	0		PASS
383	534	NEWCLOSURE	147	child	111	301	1	3	5	3	0=VAL:R77;1=REF:R15;2=VAL:R108	PASS
383	539	NEWCLOSURE	147	child	112	302	1	3	9	3	0=REF:R23;1=VAL:R1;2=REF:R65	PASS
383	543	NEWCLOSURE	148	child	113	309	2	10	4	10	0=VAL:R147;1=REF:R29;2=REF:R19;3=VAL:R77;4=REF:R63;5=VAL:R84;6=VAL:R7;7=VAL:R64;8=VAL:R80;9=REF:R15	PASS
383	554	NEWCLOSURE	29	child	114	313	0	18	20	18	0=REF:R13;1=REF:R22;2=VAL:R148;3=REF:R44;4=VAL:R0;5=REF:R42;6=REF:R43;7=REF:R39;8=VAL:R146;9=REF:R55;10=VAL:R145;11=REF:R57;12=REF:R27;13=REF:R15;14=REF:R56;15=VAL:R135;16=VAL:R1;17=VAL:R10	PASS
383	573	NEWCLOSURE	149	child	115	314	0	3	4	3	0=REF:R56;1=REF:R57;2=REF:R27	PASS
383	578	DUPCLOSURE	149	const	161	315	0	1	9	1	0=VAL:R0	PASS
383	580	NEWCLOSURE	150	child	117	328	0	12	10	12	0=REF:R44;1=REF:R22;2=VAL:R5;3=VAL:R149;4=VAL:R0;5=VAL:R47;6=REF:R43;7=REF:R42;8=REF:R15;9=REF:R17;10=VAL:R69;11=REF:R51	PASS
383	593	NEWCLOSURE	151	child	118	329	0	3	6	3	0=REF:R24;1=VAL:R78;2=REF:R60	PASS
383	598	DUPCLOSURE	151	const	163	330	1	1	9	1	0=VAL:R35	PASS
383	600	NEWCLOSURE	152	child	120	331	1	4	14	4	0=REF:R14;1=VAL:R36;2=VAL:R35;3=REF:R46	PASS
383	605	NEWCLOSURE	153	child	121	332	0	4	15	4	0=REF:R24;1=VAL:R35;2=VAL:R0;3=REF:R45	PASS
383	610	NEWCLOSURE	154	child	122	337	0	6	5	6	0=REF:R27;1=REF:R51;2=VAL:R153;3=REF:R29;4=REF:R39;5=VAL:R0	PASS
383	617	NEWCLOSURE	155	child	123	339	0	16	21	16	0=REF:R39;1=REF:R59;2=REF:R24;3=VAL:R74;4=REF:R51;5=REF:R52;6=REF:R32;7=VAL:R1;8=REF:R27;9=VAL:R0;10=REF:R33;11=REF:R23;12=REF:R26;13=REF:R25;14=VAL:R154;15=VAL:R145	PASS
383	634	DUPCLOSURE	156	const	164	340	0	0	2	0		PASS
383	636	DUPCLOSURE	156	const	166	341	1	0	6	0		PASS
383	638	NEWCLOSURE	156	child	126	342	1	2	3	2	0=REF:R18;1=VAL:R77	PASS
383	642	DUPCLOSURE	156	const	169	343	1	0	9	0		PASS
383	643	NEWCLOSURE	157	child	128	344	0	3	8	3	0=VAL:R1;1=REF:R23;2=VAL:R156	PASS
383	648	DUPCLOSURE	157	const	171	345	0	0	1	0		PASS
383	650	NEWCLOSURE	157	child	130	346	1	2	3	2	0=REF:R12;1=VAL:R77	PASS
383	654	NEWCLOSURE	157	child	131	347	0	7	10	7	0=REF:R13;1=VAL:R135;2=REF:R14;3=REF:R23;4=VAL:R1;5=VAL:R121;6=VAL:R77	PASS
383	663	NEWCLOSURE	157	child	132	349	0	23	18	23	0=VAL:R73;1=REF:R49;2=REF:R24;3=REF:R15;4=VAL:R0;5=REF:R51;6=VAL:R5;7=REF:R27;8=VAL:R28;9=REF:R23;10=VAL:R1;11=REF:R31;12=REF:R20;13=REF:R21;14=VAL:R144;15=REF:R55;16=REF:R65;17=VAL:R150;18=VAL:R155;19=REF:R33;20=REF:R40;21=VAL:R77;22=REF:R18	PASS
383	688	NEWCLOSURE	157	child	133	351	0	27	12	27	0=REF:R14;1=REF:R56;2=REF:R15;3=REF:R27;4=VAL:R79;5=REF:R22;6=REF:R24;7=REF:R51;8=REF:R53;9=VAL:R35;10=REF:R45;11=REF:R49;12=REF:R50;13=REF:R48;14=REF:R16;15=REF:R18;16=VAL:R135;17=REF:R33;18=REF:R68;19=REF:R23;20=VAL:R1;21=VAL:R28;22=VAL:R122;23=VAL:R152;24=VAL:R64;25=VAL:R7;26=VAL:R80	PASS
383	717	NEWCLOSURE	157	child	134	352	0	1	2	1	0=REF:R17	PASS
383	720	DUPCLOSURE	157	const	178	353	0	1	1	1	0=VAL:R135	PASS
383	723	NEWCLOSURE	157	child	136	354	0	2	1	2	0=REF:R20;1=REF:R29	PASS
383	727	NEWCLOSURE	157	child	137	355	0	2	4	2	0=REF:R13;1=REF:R22	PASS
383	731	NEWCLOSURE	157	child	138	356	0	3	1	3	0=REF:R13;1=REF:R39;2=VAL:R83	PASS
383	736	NEWCLOSURE	157	child	139	357	0	2	1	2	0=REF:R13;1=VAL:R123	PASS
383	740	NEWCLOSURE	157	child	140	358	1	3	5	3	0=REF:R13;1=REF:R22;2=VAL:R151	PASS
383	745	NEWCLOSURE	157	child	141	359	1	2	5	2	0=REF:R22;1=VAL:R151	PASS
383	749	NEWCLOSURE	157	child	142	360	1	3	5	3	0=REF:R13;1=REF:R22;2=VAL:R151	PASS
383	754	NEWCLOSURE	157	child	143	361	1	1	5	1	0=REF:R22	PASS
383	757	NEWCLOSURE	157	child	144	362	1	1	3	1	0=REF:R22	PASS
383	760	NEWCLOSURE	157	child	145	363	1	2	5	2	0=VAL:R69;1=REF:R12	PASS
383	764	DUPCLOSURE	157	const	190	364	0	2	4	2	0=VAL:R1;1=VAL:R79	PASS
383	767	DUPCLOSURE	158	const	191	365	0	1	1	1	0=VAL:R157	PASS
383	770	DUPCLOSURE	158	const	193	366	0	1	1	1	0=VAL:R157	PASS
383	773	DUPCLOSURE	158	const	195	367	0	1	1	1	0=VAL:R157	PASS
383	776	NEWCLOSURE	158	child	150	368	1	1	2	1	0=REF:R41	PASS
383	779	NEWCLOSURE	158	child	151	369	0	2	3	2	0=REF:R24;1=REF:R52	PASS
383	783	NEWCLOSURE	158	child	152	370	0	1	3	1	0=REF:R15	PASS
383	786	NEWCLOSURE	158	child	153	371	1	1	5	1	0=REF:R15	PASS
383	789	NEWCLOSURE	158	child	154	372	1	1	5	1	0=REF:R15	PASS
383	792	NEWCLOSURE	158	child	155	373	0	1	1	1	0=REF:R13	PASS
383	795	NEWCLOSURE	158	child	156	374	1	1	2	1	0=REF:R13	PASS
383	798	NEWCLOSURE	158	child	157	375	0	1	1	1	0=REF:R51	PASS
383	801	NEWCLOSURE	158	child	158	376	1	2	5	2	0=REF:R22;1=REF:R29	PASS
383	805	NEWCLOSURE	158	child	159	377	1	1	2	1	0=REF:R40	PASS
383	808	NEWCLOSURE	158	child	160	378	1	5	6	5	0=REF:R15;1=REF:R65;2=VAL:R121;3=REF:R22;4=VAL:R148	PASS
383	815	NEWCLOSURE	158	child	161	379	1	2	4	2	0=REF:R51;1=REF:R34	PASS
383	819	NEWCLOSURE	158	child	162	380	3	4	21	4	0=REF:R24;1=REF:R51;2=REF:R22;3=VAL:R0	PASS
383	825	DUPCLOSURE	158	const	210	381	1	2	3	2	0=VAL:R77;1=VAL:R69	PASS
383	829	NEWCLOSURE	158	child	164	382	0	2	7	2	0=VAL:R143;1=REF:R29	PASS
